Canal,Total_Power,Abs_Delta,Rel_Delta,Abs_Theta,Rel_Theta,Abs_Alpha,Rel_Alpha,Abs_Beta,Rel_Beta,Abs_Gamma,Rel_Gamma,Alpha_Beta_Ratio,Theta_Beta_Ratio,Bloco
CH1,966.6727203361289,797.1152400175348,82.45968084631208,130.52429050814348,13.502428253355273,13.306975195784336,1.376575020256832,17.660183236627823,1.8269040664028533,8.066031378038437,0.8344118136729602,0.7535015360534008,7.390879741124332,Min 0-5
CH2,844.8016258030817,659.8921933643413,78.1120884724905,140.23264034647562,16.599475671364655,21.182005932820093,2.5073348921037106,16.549065109803102,1.9589291265948148,6.945721049641487,0.8221718374463088,1.2799518155422156,8.473749992281927,Min 0-5
CH3,63.40342662350344,27.27449199382791,43.017378470389076,9.371403272335675,14.78059431706129,6.940842768301749,10.947109861296994,14.374030047669349,22.67074638256372,5.442658541368766,8.584170968688923,0.4828738179399226,0.6519676973859208,Min 0-5
CH4,123.18155933214291,76.88070592687959,62.412512346576854,19.247927398957913,15.625656553882713,10.119576723720805,8.215171798917314,12.832284892075862,10.41737493960057,4.101064390508726,3.3292843610225322,0.788602872273278,1.4999610405191606,Min 0-5
CH1,511.84949108238516,387.7354431080253,75.7518469517472,86.17357660787883,16.835725757126657,17.49156497999041,3.417325851590041,15.429763654732167,3.014511867952342,5.019142731758376,0.9805895715837522,1.1336249453584324,5.58489284321893,Min 5-10
CH2,7300.08334749652,4641.589116726062,63.58268660477474,1082.2935462706803,14.825769717298371,438.1982107897577,6.002646681287999,1058.8262708031993,14.504303860671833,79.17620290682144,1.0845931359670575,0.4138527942429602,1.0221634805582207,Min 5-10
CH3,4147.961833104662,2986.2621875593272,71.99348276847988,552.658929641417,13.323626201925858,233.16824252925417,5.621272613174761,329.68866231381594,7.948208676429671,46.183811060847376,1.1134097399898149,0.7072376735458104,1.6763055355399632,Min 5-10
CH4,50693.803014179335,24122.687191215035,47.58508093083446,5963.113778510242,11.763003412551878,2009.408517171333,3.9638148998395137,18174.207434655156,35.85094499533154,424.3860926275729,0.837155761442616,0.11056374944525663,0.32810860115636115,Min 5-10
CH1,665.0168400010023,419.63950865127765,63.10208755775947,112.01536241752329,16.84398885558364,56.72033283587523,8.529157372283947,66.70795099738729,10.031016808128761,9.933685098938897,1.4937494062441976,0.8502784448902638,1.6791905723788287,Min 10-15
CH2,5473.648429512441,2754.3317497598773,50.31985128802319,728.6294272164273,13.311586167789901,286.594532613183,5.235895880121608,1657.3333523971696,30.278403403866307,46.759367525784185,0.8542632601989971,0.17292509813952156,0.43963963324731026,Min 10-15
CH3,21109.379944737997,14310.591580725662,67.79257191916199,3689.266621827337,17.476906623905702,1359.4767830685587,6.440154976733174,1492.0734865518928,7.068296134031292,257.9714725645457,1.2220703461678468,0.9111325918740375,2.4725770245760788,Min 10-15
CH4,142694.48557951656,80480.9045746965,56.400851264745256,18766.217582740774,13.151326420587775,7159.122409155981,5.017098159106196,34932.51179175434,24.480631924832288,1355.7292211689596,0.950092230728481,0.20494152988007747,0.5372135188735685,Min 10-15
CH1,492.9317831028735,381.1182377855869,77.31662896365694,75.1830794688178,15.252228005173546,16.095798503159383,3.2653196760494203,15.1938183431361,3.0823369204345243,5.340849002173287,1.083486434685561,1.0593649430085295,4.9482676290372565,Min 15-20
CH2,1752.8381941013772,942.9158670139685,53.793662768591744,336.8132994889715,19.21531038189436,92.39957400207219,5.271426325202961,361.8745077950714,20.645060622985376,18.8349458012934,1.0745399013255448,0.2553359576640794,0.9307461350101706,Min 15-20
CH3,4020.6785490289994,2768.9166708752346,68.8668998804675,718.4603374262942,17.869131507660658,211.02187034989487,5.248414360328732,271.75977195669554,6.759052449550486,50.519898420879684,1.2565018019926095,0.7765014992120322,2.64373322163656,Min 15-20
CH4,109274.38603253402,64991.033329234255,59.475084408055714,15391.717297022387,14.08538437584069,5950.963219079647,5.445890327224425,21856.32909553397,20.001328663632787,1084.3430916637647,0.9923122252463864,0.27227642817181236,0.704222435055092,Min 15-20
