Canal,Total_Power,Abs_Delta,Rel_Delta,Abs_Theta,Rel_Theta,Abs_Alpha,Rel_Alpha,Abs_Beta,Rel_Beta,Abs_Gamma,Rel_Gamma,Alpha_Beta_Ratio,Theta_Beta_Ratio,Aperiodic_Exponent_1f,Session
CH1,4285.884786091092,2841.4527472861055,66.29792654500241,831.4821788888827,19.400479023311068,268.11467801468285,6.25576027812952,284.55807527761465,6.639424284131157,60.27710662380665,1.406409869425863,0.9422142659388928,2.922012239778071,1.923841841278158,15-56-59
CH2,32349.769550407746,23246.250585897975,71.8590917616134,4861.551255956299,15.028086207479715,1895.5122397016503,5.859430425765611,1968.7354654598937,6.085778949343641,377.7200033919251,1.1676126557976183,0.9628069758264148,2.4693775985899893,1.84577487020414,15-56-59
CH3,5821.818609107982,4391.821332693867,75.43727531845552,732.6401868537713,12.584387045442941,281.7750804414755,4.8399838497312615,352.88382091180466,6.061401850613024,62.69818820706409,1.0769519357572477,0.798492488869015,2.0761512527288013,1.9846043859981708,15-56-59
CH4,107642.03828431727,75367.77622935886,70.01704671393188,17237.799824996175,16.01400354336063,6777.304024024782,6.296149842614221,6923.873334931433,6.432313476490714,1335.284871005995,1.2404864236025315,0.9788313125014578,2.489618020311008,1.758211887333298,15-56-59
CH1,675.5648327002204,505.69616301830916,74.85531196125925,106.47834844791153,15.76138118710524,27.05544130821492,4.004862301679442,29.13773097740849,4.31309173702034,7.197148948376353,1.0653528129357295,0.9285363135925385,3.6543116047870816,2.1696845442262473,16-04-54
CH2,3821.7768485912525,2240.7719066453765,58.63167828522874,576.0158287405709,15.071937780796816,208.7419939476633,5.4619095310237125,758.5714050192283,19.84865770744427,37.675714238413306,0.9858166955064624,0.27517777834292584,0.7593429239874514,2.0897064798542453,16-04-54
CH3,7264.765855519596,4980.794548989894,68.56097839967691,1226.7069679599495,16.885705504574887,447.3752399922151,6.158150846008479,520.358167997556,7.162765852972402,89.5309305799802,1.2323993967672988,0.8597448209832181,2.3574281012644898,1.8876736568943688,16-04-54
CH4,75388.19134855199,42372.06925037379,56.205180801419566,10013.702155508296,13.282852362395392,3785.6178761392384,5.021499797808785,18500.48400637244,24.540294276111172,716.3180601582203,0.9501727622650797,0.204622639863654,0.5412670366926132,2.0312600335089153,16-04-54
CH1,305.9846313017013,140.63490251109388,45.961426857556006,31.118006710771997,10.16979401167688,19.0535272575515,6.226955640384662,111.19251747666547,36.339249132754475,3.985677345618456,1.3025743576279725,0.17135619994888457,0.27985702111027433,1.7658246660717503,16-36-02
CH2,20834.525106450717,13741.786665172407,65.956802926685,3270.207209548793,15.696096708901141,1347.3040898174775,6.466689703430435,2204.02565175414,10.578717971698511,271.2014901578991,1.3016926892849148,0.6112923816223211,1.4837428080503956,1.9800979072764016,16-36-02
CH3,189837.90659581983,122679.43602607305,64.62325582175083,29412.936121893617,15.493710739507954,11106.846583207112,5.850700095874151,24467.994867598572,12.888887844561467,2170.6929970474844,1.1434454983055962,0.45393366490832526,1.202098344431293,2.0262159815505467,16-36-02
CH4,132852.8772319705,56147.60366863646,42.26299410181293,12736.415917906703,9.586857419480665,4731.631505818419,3.5615574193072668,58336.958297266545,43.910948345820245,900.2678423423724,0.6776427135789023,0.0811086426842403,0.21832499138892342,2.028438216043699,16-36-02
CH1,656.6567784041255,567.0184463187727,86.34928701974248,54.98018459341321,8.372743022166265,15.771009181089855,2.401712690672009,15.943887431465516,2.4280397242245764,2.943250879384197,0.4482175431946635,0.9891570828557488,3.44835504074781,2.1979277765713094,16-44-15
CH2,4139.363021334423,3613.0001242805156,87.28396387702614,269.0160538950952,6.498972245453635,113.90331803166487,2.7517112523014564,128.09430871350824,3.0945415527293854,15.349216413639043,0.37081107248938155,0.889214510587013,2.1001405651578637,2.0958502377193837,16-44-15
CH3,34129.84717087881,18344.863607763775,53.75020730657263,4283.211340372501,12.549752475971054,1603.81901987051,4.699168478079104,9560.029320549944,28.010759241567918,337.9238823220853,0.9901124978093012,0.16776298127276554,0.44803328491529215,2.014659962130256,16-44-15
CH4,122790.64179114279,82429.39609979007,67.1300311631207,17001.99069596005,13.8463244820229,6675.133170806044,5.436190473016601,15390.984364313763,12.534330092103122,1293.1374602728738,1.0531237897366794,0.4337041096788657,1.1046720790244993,1.7123858408712276,16-44-15
