subject,rest_first_alpha_rel,rest_first_theta_rel,rest_first_log_alpha_lowbeta,rest_first_faa,rest_last_alpha_rel,rest_last_theta_rel,rest_last_log_alpha_lowbeta,rest_last_faa,task_first_alpha_rel,task_first_theta_rel,task_first_log_alpha_lowbeta,task_first_faa
0,0.49439110356626326,0.13302961871466484,2.2582744929358483,-0.04422446672781777,0.43796478627714247,0.14405823439230336,1.974296601489909,-0.008936762345290394,0.3347124069645515,0.11729074042327492,1.8061836679099517,0.153017682807281
1,0.2601349807211294,0.2087555304155702,0.6182436718707089,-0.07783260893058364,0.19947090805614734,0.20554454492710528,0.3175308879204087,-0.12285503505886441,0.18616497275910593,0.2617908957967331,0.7292543414312628,-0.08815679805913024
2,0.22835730332039483,0.14739794560410827,0.7199825287561028,-0.021561515467183212,0.23525041014815645,0.12764886289571928,0.7848192697984411,0.06872504973043186,0.2634414203078498,0.15112942635935186,0.8454198838231555,-0.05344181382769042
3,0.43372951338940113,0.22077908515809153,1.8669136303753986,-0.0032674453725326513,0.4136989309847057,0.17884040655672687,1.8171975480688343,0.07282603018402747,0.255752920206351,0.20643910528670745,1.5200343317887102,-0.17064510004438538
4,0.16645689169617653,0.2239622823840421,0.7181384910803903,0.07200094354198738,0.15827413809207935,0.19229092318552982,0.4780766715642575,0.16821711355016622,0.1615125498253322,0.2581280453564326,0.24390640019944976,0.018477140962936178
5,0.29050749593589914,0.24919291007794817,1.6849746852518726,-0.00915377080880303,0.3195737674660936,0.2686812503596157,1.7375073532107046,0.018251946902926253,0.28117972904590544,0.2212918686157889,1.694740267058717,0.008049693758993892
6,0.19514883931679977,0.20715180748908552,1.0489256603589237,0.18177919344381488,0.1560528632935794,0.2425748519920946,1.0271640487630405,0.3273601031266723,0.2221504126273831,0.23280681502333414,0.8164481547558496,-0.07973396202771288
7,0.22699798223094403,0.2601715267124325,0.7612037718056786,0.07141055920628248,0.21528583924682546,0.2614036853281595,0.9160821705697496,0.30456936688097414,0.11845248422075288,0.2723497516847814,0.8739087965944737,0.043301425378910574
8,0.4121270077193578,0.22408781178392922,2.1066820003619786,-0.12994282260042214,0.3504383198018089,0.22543728005998714,1.7001971411871486,-0.21145543045769474,0.2272195317038534,0.2747458154132272,1.5425973547339158,-0.23975797254922016
9,0.19444850571682987,0.29196894788793026,1.7190994548449083,0.06413550940741691,0.2467988985685028,0.276238992053597,2.323809867588599,-0.03074997793154577,0.19922660535545075,0.3508687400314932,1.6071420965457026,0.1224263246317201
10,0.10789231983870018,0.26597804068580605,1.0111459777139333,-0.12614304084243866,0.09391361467595209,0.300877526364698,1.0047654807065936,0.0344668324533558,0.1752690350000849,0.3323607017558816,1.5224042907462172,-0.1827292908598715
11,0.1346736549394816,0.2808251320593542,1.008159521647702,-0.031584654217375885,0.12915986548334918,0.25625252152245,0.9268251813295206,0.026459317062044074,0.16157567568713657,0.25371425468028547,0.7102645129439195,-0.10542661342538362
12,0.21873184146100677,0.25173580554612696,1.0362727895064827,0.755460232650305,0.26706111705767066,0.2379462676005574,0.9929805479827488,0.5870531060368642,0.3461550271587567,0.25578020851045385,1.762186364449495,0.02355242175189054
13,0.17021647830184403,0.28375269640973655,0.9054194831936075,0.035525271028945093,0.18325266150554959,0.31774017018855666,0.8601966502246704,-0.22643102557198014,0.10294929464298955,0.29222669518056843,1.0495710887734075,0.009596869961460586
14,0.2620910897259354,0.20160237119774807,1.530354258336809,-0.06642110938993306,0.2708088380572635,0.1767219337644497,1.544657322599345,0.1859150739677558,0.1583949996703548,0.22180665280283382,1.5517116588218829,0.20776975608442994
15,0.3053948651330134,0.2437145384434543,1.124182331857906,-0.0041718200757097645,0.37991995097631615,0.23148418948926486,1.5402575645600876,0.032269247013307745,0.2704416479587518,0.2316460854477002,0.90637217662711,-0.08094275333024814
16,0.18723927120367134,0.21551768699043572,0.8772128274109782,-0.15694029154069877,0.20971760201909134,0.22981370377303983,1.1851964633580976,-0.026323980258319057,0.13752395026078812,0.293365524549952,0.46581842776491295,0.04519784656734971
17,0.2063293539650229,0.23336626916734401,1.255671232379511,-0.1714718810999326,0.2138989067842324,0.19605939067233097,1.0900287358945984,-0.1847612910426562,0.18427273564227312,0.19917529697880046,1.8338066653371192,0.23085105424048513
18,0.25783193264439375,0.2584996992699824,1.1017232248695854,0.1412557539838446,0.32058723001255474,0.22156839221466887,1.3663815217836677,0.04726871462741489,0.20333587003309095,0.23455707560131311,0.7139099561747642,0.19065197688890123
19,0.4190139370795104,0.14300260655081,1.9013587711173752,-0.09227824412504865,0.48968060176808725,0.1498808449934237,1.764291461797377,0.004567882571741483,0.32757147175724605,0.2154688127171293,1.5697334338665687,0.17430709310835502
20,0.36549710142748737,0.16573726305825395,0.4495650289031107,0.09259464758499436,0.38777119422127376,0.16033665888940626,0.694963282267221,0.0816758703133248,0.27231656083116157,0.17866194925746962,0.7285001720955482,-0.29523339747810107
21,0.24490088314542008,0.2790545531233713,1.3513971960039457,-0.14723717534630698,0.26541683970297303,0.22882060484991806,1.261367420386418,-0.06605878817723454,0.338297232403438,0.2084688428385528,1.4844542246940342,0.047387106106938026
22,0.5494707061355153,0.11958536530821137,2.14363619795521,0.33988051028350774,0.4102476057933898,0.17500850847282431,1.6159437740855171,0.3128744839402469,0.29442163362230866,0.24137636503168683,1.5517577768847137,0.20669262012875939
23,0.3874750096211206,0.18861347790238842,2.032298991078867,-0.015135021433517803,0.47380868893354483,0.19714988894902244,2.2868189329102244,-0.11159379528305274,0.39229242044455637,0.19548013331025188,2.1483570954489113,-0.024802308349648694
24,0.3427275128887533,0.23216992951691878,1.0898111286053107,-0.22123488245382078,0.2750257661819258,0.2414746381518385,1.1705220675092693,-0.20110842868683998,0.21102725092917402,0.26678351916204557,0.5730185366090205,-0.13759760045089986
25,0.3832831327354962,0.2082522628834672,2.615697114686783,-0.08127348377677157,0.36832733233151826,0.2782752220530956,2.2570833159878854,0.02056662573377699,0.377483145315564,0.22656610089440077,2.247091447601331,0.04588112231602484
26,0.2346379735237522,0.20999669397598353,1.5497833831735988,-0.014818626850954197,0.2111227765453944,0.27042506395359317,1.5491744746692233,-0.011249897247531337,0.18213890255832593,0.23741865703712461,1.6424771638782318,0.10683752418759762
27,0.4027045071908891,0.1985499073016725,2.120796681202629,0.06691570570065028,0.24383763493415753,0.3303395533071609,1.2813597890526616,0.09080038980222127,0.12439931839442497,0.4092465108350416,1.1579825261520853,0.08462371544394776
28,0.36137698496883464,0.1915286911020695,1.0575825646939785,0.05777898650601904,0.20617391136193863,0.26911103655624424,0.6706020616685333,0.1592610202522633,0.19202779742217035,0.1980197776082084,0.8282574683752371,-0.17114444850886112
29,0.44236140003176017,0.129643654441941,1.7549349694912242,-0.0035231567154534182,0.4956334408095109,0.10185383311365145,1.9013428325256827,0.0002795513205970379,0.4229102803074548,0.1200684424876566,2.020834389329668,-0.037413498069243045
30,0.412900320243571,0.18201363553737926,1.5313424707668957,0.08458688740377523,0.45087516546795997,0.17979569183387636,1.541212724196661,0.11052106273462214,0.2143365972775173,0.21142703612003033,1.3546603312584584,-0.006677536508812643
31,0.25160514079293594,0.15809632057025885,1.7491713285802921,0.04109205911690572,0.2090233900063923,0.2228053000913046,1.2994555050131738,0.045462876020652465,0.23776985018253782,0.24008763113027543,1.5407935263902584,-0.08502133423012681
32,0.2733951649826495,0.22735731747205873,1.5511378060434184,0.07564299281001008,0.4133728407958555,0.22808899574127636,2.232781788644763,0.0059184307244321,0.35723274567757085,0.22894781560501595,2.3020144162588854,-0.015917203216531534
33,0.33142328017236616,0.20874289000290674,1.862223180077985,0.052759722779803314,0.2679866856425166,0.20362320877816742,1.7699732629953246,-0.1414089214518527,0.14351773372717636,0.26062291917952624,1.1246995988977444,0.06452992761386889
34,0.37174416408514216,0.18059329261854673,1.528232621177383,0.2888062608103107,0.3472575514818205,0.16556314101258965,1.3879996689625576,0.25814965752884483,0.21273767142231859,0.2331710338145915,1.1153142188081269,0.21876115043191258
35,0.1399516962532359,0.26323283823151566,0.8374682866914371,-0.04579098842129736,0.15800351804195217,0.2588626301344461,0.505958866797602,-0.15221550626891833,0.13775754727644768,0.3962756838920717,0.6470915692428414,0.11213244241098819
