condition,step_s,upper_p2p_uv,candidate_windows,retained_windows,positive_windows,positive_pct
Base,2,none,171,171,47,27.485380116959064
Base,2,150,171,138,22,15.942028985507244
Base,2,500,171,146,26,17.80821917808219
Base,8,none,43,43,12,27.906976744186046
Base,8,150,43,35,6,17.142857142857142
Base,8,500,43,36,7,19.444444444444446
BB 1,2,none,146,146,106,72.6027397260274
BB 1,2,150,146,12,6,50.0
BB 1,2,500,146,137,97,70.8029197080292
BB 1,8,none,37,37,28,75.67567567567568
BB 1,8,150,37,3,2,66.66666666666666
BB 1,8,500,37,35,26,74.28571428571429
BB 2,2,none,146,146,109,74.65753424657534
BB 2,2,150,146,24,4,16.666666666666664
BB 2,2,500,146,99,62,62.62626262626263
BB 2,8,none,37,37,26,70.27027027027027
BB 2,8,150,37,6,0,0.0
BB 2,8,500,37,26,15,57.692307692307686
BB 3,2,none,146,146,101,69.17808219178082
BB 3,2,150,146,56,27,48.214285714285715
BB 3,2,500,146,116,71,61.206896551724135
BB 3,8,none,37,37,26,70.27027027027027
BB 3,8,150,37,15,8,53.333333333333336
BB 3,8,500,37,30,19,63.33333333333333
BB 4,2,none,146,146,74,50.68493150684932
BB 4,2,150,146,63,4,6.349206349206349
BB 4,2,500,146,127,56,44.09448818897638
BB 4,8,none,37,37,17,45.94594594594595
BB 4,8,150,37,18,1,5.555555555555555
BB 4,8,500,37,32,12,37.5
Pós 1,2,none,152,152,20,13.157894736842104
Pós 1,2,150,152,136,6,4.411764705882353
Pós 1,2,500,152,141,9,6.382978723404255
Pós 1,8,none,38,38,6,15.789473684210526
Pós 1,8,150,38,34,2,5.88235294117647
Pós 1,8,500,38,35,3,8.571428571428571
Pós 2,2,none,156,156,54,34.61538461538461
Pós 2,2,150,156,102,14,13.725490196078432
Pós 2,2,500,156,145,47,32.41379310344827
Pós 2,8,none,39,39,13,33.33333333333333
Pós 2,8,150,39,26,4,15.384615384615385
Pós 2,8,500,39,36,11,30.555555555555557
