epoch_index,alpha_rel,theta_rel,log_alpha_lowbeta,faa,condition,threshold_uv,notch20
1,0.2599071017670772,0.2001568041400811,1.2587340260517377,-0.5361747405163351,Base,150,False
2,0.17000908306929718,0.22503377481460318,0.47067894895806456,-0.016166052735563374,Base,150,False
3,0.04977175096493224,0.15469737886155915,-0.17430440258664393,0.39697056683627796,Base,150,False
4,0.14244830252430202,0.1155537542058939,0.7490903591054976,-0.49319632763225907,Base,150,False
5,0.23579200240783335,0.12462818762859935,0.5646306982768659,-0.8456146385755594,Base,150,False
6,0.18464572445652525,0.2604490063749973,0.5007253046715662,-0.4184716036670775,Base,150,False
7,0.11268482251791123,0.2390375658406645,-0.6472839613432643,-0.9630606562699731,Base,150,False
8,0.22447048953980664,0.3080720274841602,1.312366513323115,0.39831508746808053,Base,150,False
9,0.08969915408684487,0.07075565799913429,0.6574427317534355,-0.24293159839826606,Base,150,False
10,0.09263424004343979,0.15524503438625134,0.6042749162083436,-0.5950968479393266,Base,150,False
11,0.07559075972566262,0.07242563218940032,1.4379338170549487,-0.24810244669688508,Base,150,False
12,0.07040282754008492,0.25320340998028895,-0.06371668545887235,-0.7102759281642346,Base,150,False
13,0.18582491440874793,0.07393847291574951,1.2477857199242877,-0.48751413357744156,Base,150,False
14,0.2042902823505815,0.18069810706700118,0.023902366106609615,-0.2171887465868816,Base,150,False
15,0.1331778411305217,0.17542084892726656,0.8452228171145566,-0.14352872474682732,Base,150,False
16,0.13412624491251285,0.13913105727239672,0.905133819927436,-0.28577167468687104,Base,150,False
17,0.16877895083505962,0.08798476125080879,1.4524411594718258,-0.0495368426121614,Base,150,False
18,0.036457127158342754,0.29289181026276934,0.17286650083622535,-0.6612621922444868,Base,150,False
19,0.08185178271407986,0.10320378338091474,1.20530005786154,-0.7825764875439316,Base,150,False
20,0.11724844430752698,0.24740476472401443,0.9915427652502313,-0.34446360396748066,Base,150,False
21,0.03417961744437649,0.10468904466225559,-0.3094375445180598,-0.5657653249669483,Base,150,False
22,0.11808961141075666,0.10342921354059748,0.4923104673507945,-0.6344987565641023,Base,150,False
23,0.16690070508996482,0.07852989071757642,0.7614336117040865,-0.835184859024743,Base,150,False
24,0.20066835009491418,0.1308906959330503,0.6355374592672296,-0.6966185147382429,Base,150,False
25,0.15738129334888196,0.19268447147029918,0.47724593778508606,-0.33244969217439846,Base,150,False
26,0.18777269446245867,0.14669664385478645,0.2204490154731285,-0.06420879824510606,Base,150,False
27,0.18394391989923375,0.20815338079469234,0.07402227915221324,-0.8293754636466144,Base,150,False
28,0.18505213255810937,0.18413747554869941,0.46369300899939947,-0.39979582801909763,Base,150,False
29,0.07503271218116318,0.13792834146043947,1.2062070978294142,-0.07473953612111517,Base,150,False
30,0.09999514959859572,0.09753550571192493,0.47277231505562606,-0.44650328656950844,Base,150,False
31,0.15999187702199683,0.3052833141179273,0.3344950817054655,-0.04966929816991983,Base,150,False
32,0.08517359736068084,0.1818727738901949,1.4284973404725985,-0.8714029953247988,Base,150,False
33,0.10307701711289212,0.13663616637682421,0.7618746508659117,-1.1950778231041554,Base,150,False
34,0.10775342988716394,0.1719549727933998,1.0822048873354078,-0.2460319323883695,Base,150,False
35,0.18857959042759792,0.10422010423553157,0.834694791732819,0.7418928918303243,Base,150,False
36,0.05234489469794793,0.14495894111587326,0.102412067891682,-1.7892129719787402,Base,150,False
38,0.2019095131353043,0.2653526222567915,0.15330780194036778,-0.10656652138321898,Base,150,False
42,0.48215331130685324,0.08833500651254703,0.870786070814646,-0.0704757296141677,Base,150,False
43,0.0599679816736753,0.17937303666287274,0.43925500952663044,-0.1555413423419627,Base,150,False
45,0.22327512377265735,0.17634855110708125,1.1195606298734821,-0.4632633804837145,Base,150,False
46,0.08427562717242024,0.20256907645057856,0.774299405719976,0.35749642070175547,Base,150,False
47,0.24601433987345578,0.15018485401902343,1.6876048256450409,-0.08331735960516307,Base,150,False
48,0.06002903027642517,0.1312437049025652,0.32661568811538844,-0.012409551940022912,Base,150,False
49,0.09868324912815829,0.20012726002246017,1.4213544416030708,-0.033738196508946494,Base,150,False
50,0.14550211397913085,0.10091436034374436,0.7755287010782854,-1.176138347993214,Base,150,False
51,0.08678138435085601,0.1980421367702358,-0.2687322041695425,0.1256111580231023,Base,150,False
52,0.14418990709839685,0.2695172831763608,0.8461316874527502,0.1801855829468948,Base,150,False
53,0.08375819668256285,0.2025394092756725,0.5856450006352713,0.07452242480480242,Base,150,False
54,0.06944634587754046,0.1357226716874971,1.1195634570777222,-0.03593423105990512,Base,150,False
55,0.21406013026438547,0.24613641427556918,0.20555592784048837,0.15030107870769416,Base,150,False
56,0.10279677174925352,0.04157652920719415,0.7059809533496952,-1.1949542656661982,Base,150,False
57,0.18918953101228492,0.29143696029288557,0.7434197590511193,-0.7139077974326438,Base,150,False
58,0.1067088705310026,0.1372061913765772,1.8434852133578532,-0.6561669390744096,Base,150,False
59,0.1663462446618138,0.15902539548457573,1.889237859917363,0.01579903791613546,Base,150,False
60,0.06402686238574817,0.15200413223483483,0.2947101961239057,0.0037554504952694856,Base,150,False
61,0.08656409353985679,0.1921449122396917,0.7203593688310532,-1.040919618666308,Base,150,False
62,0.10692481144372289,0.0851681924164862,0.736624575791618,-0.5218178175273667,Base,150,False
63,0.07098281087621772,0.13428707146692082,-0.0726783388178672,-1.5202345101158992,Base,150,False
64,0.24958519220412373,0.2202987967886003,0.7605220273551854,-0.4121389009998595,Base,150,False
65,0.14100607614011465,0.1871929370501032,0.8420480994794404,0.13677686327279748,Base,150,False
66,0.11458652599983168,0.18196989630220384,0.6102884724846432,0.26257394530936695,Base,150,False
67,0.05188212999391536,0.10720564601090074,0.9732999482079687,-0.6976450556320861,Base,150,False
68,0.03667669473499033,0.17887284483261606,1.74795331548146,-0.050390589169017286,Base,150,False
69,0.14852298118361396,0.21465724788485568,0.627374480421657,0.05126649278717865,Base,150,False
70,0.0616460922125147,0.15163149401122666,1.6401284439907533,-0.4140975892779921,Base,150,False
71,0.05212234066002527,0.1538818492258771,0.8960626032280727,-1.116494456122378,Base,150,False
72,0.10054341400235495,0.11279094815547125,0.7904618698276553,-0.6139461294346749,Base,150,False
73,0.09571449042468891,0.13228789708116193,0.5467285931279562,-1.1048302841005238,Base,150,False
74,0.2715974616577578,0.11704508428570363,1.2467450553629216,-0.6676676124611161,Base,150,False
75,0.17924522280091465,0.12453408900694096,1.2066942434607082,-0.1787849538125883,Base,150,False
76,0.08276105462876004,0.07011475297652293,0.6224806961470847,0.024647273283219917,Base,150,False
77,0.05589416448788541,0.2615110479599682,0.19764936966020438,-0.16900950556860161,Base,150,False
78,0.42572365632053566,0.1337867148052729,1.5805279977894506,-0.15407866262934533,Base,150,False
79,0.13235766602462679,0.21110206033580264,0.5305273441408634,-0.2251393993047741,Base,150,False
80,0.15404917157533612,0.18308794276011361,0.06765429748362042,-0.5143398710346034,Base,150,False
81,0.05332539096651494,0.24071325557302492,-0.3308519327240338,-0.46048731763001705,Base,150,False
82,0.050517927305033614,0.23245438399825963,0.6313909901929153,-0.39567489107246345,Base,150,False
83,0.11164752503927841,0.23279284381734375,0.5766995876078593,-0.15184347045519875,Base,150,False
84,0.035263813576676545,0.09760468931933342,0.831791669117732,-0.606273902404789,Base,150,False
85,0.0317537324983919,0.195556339646289,0.2406885986924787,-0.030085059174703055,Base,150,False
86,0.29122033924839125,0.24383307781885033,0.9564682144564457,0.45660259752288,Base,150,False
87,0.26662249859892584,0.2123563048662272,0.7101202941641745,0.3563887928526537,Base,150,False
88,0.1121511473544552,0.13225558709363555,1.2461233597641117,-1.1718457469123678,Base,150,False
89,0.1276325382055504,0.19142564899843734,0.5576886107797201,-0.019339783045762893,Base,150,False
90,0.2840703333195271,0.14605389240122588,1.9475484211699627,-0.24019218219007166,Base,150,False
91,0.13066892039429198,0.1917692905248291,1.210102299880669,-0.10542850759670319,Base,150,False
92,0.035177070800821594,0.12505634362859502,0.44619912935954287,-0.4650796986387822,Base,150,False
93,0.09448012101268158,0.28378060270745975,-0.2595750664056436,-0.4026077587488812,Base,150,False
94,0.09406186153693738,0.13133174693442828,0.2748021319082963,0.20087314884440888,Base,150,False
95,0.065965861447455,0.09204017821907312,0.7114668403014586,-0.028977811327918435,Base,150,False
96,0.19941145488528061,0.22098497595733438,0.9852717872648324,-0.46472629548235034,Base,150,False
97,0.04911052289426539,0.1025320392674587,1.1378296492218711,-0.6843176093506989,Base,150,False
98,0.056376581392563185,0.16223187610755796,1.002950141129137,-0.08013007820562379,Base,150,False
99,0.15688805923275984,0.13330221832659983,1.594656035125452,-0.2591290847642518,Base,150,False
100,0.0980013210525705,0.1524875143674621,1.3402558886242888,-0.7054520893407501,Base,150,False
101,0.2905565343085983,0.18505683659165012,0.6698237594454655,-0.02101119094741155,Base,150,False
102,0.3277510778254537,0.31651383994116766,1.124502854834294,0.3887301507498313,Base,150,False
103,0.0882468987439395,0.1565938837948555,0.2747231622895816,0.7027241119258791,Base,150,False
104,0.2212196779995778,0.0955658210766327,1.4204913393618508,-0.618269107689106,Base,150,False
105,0.0700706977213944,0.10370693181344096,0.1777293477082661,0.20384669266450928,Base,150,False
106,0.2762170441177991,0.1248862277881567,0.32723460998476506,-0.23305320359322668,Base,150,False
107,0.2429565920586395,0.18709313737442093,0.311337683024548,-0.5621465465234841,Base,150,False
108,0.18148686081957177,0.1278279876721494,2.1400452922530055,0.15226389400986817,Base,150,False
109,0.1256278705477633,0.13957457696236544,0.8190211509023175,-0.6086260488435753,Base,150,False
110,0.055078197873538515,0.07318656515796754,0.8432450779025622,0.002891123349930691,Base,150,False
111,0.18536844315677453,0.1675895173164096,0.2028498154406133,0.8424969463311611,Base,150,False
112,0.0926064935809647,0.1457550951207769,1.0687655694533507,-0.3374224733828237,Base,150,False
113,0.07149108830418863,0.18326134863484297,0.3416312306354738,-0.9405306391362074,Base,150,False
114,0.05871788725963016,0.15559755042439466,0.45816339458256317,0.4197051710720028,Base,150,False
115,0.26761272407402126,0.2100515626573698,0.7926622416452354,-0.5679910739774028,Base,150,False
116,0.10260969736747821,0.18262684515335137,0.2326365186244106,-0.8057754884014647,Base,150,False
117,0.03630047897795132,0.12212571821893294,0.4183912706811349,-0.8210922507244831,Base,150,False
118,0.05546175477191662,0.0874898283937788,0.70216465929917,-0.9659491328536638,Base,150,False
119,0.10520863670014494,0.2538362996462733,-0.15373009967644044,-0.8232330177915514,Base,150,False
120,0.23277585528880124,0.15195119749084862,1.334994723107254,0.11561219693074731,Base,150,False
121,0.17374314095916987,0.13953258079313732,0.7855182810317358,-0.0558465135496351,Base,150,False
122,0.15611478031506698,0.3183055412054572,1.0067916110235073,-0.23274405646840068,Base,150,False
123,0.032480969644602134,0.21847968515628816,-0.5486237810631418,-1.1385970601506736,Base,150,False
124,0.0402798621209185,0.09890730732138345,-0.06640326580901855,0.44152172392503974,Base,150,False
126,0.0654077612936582,0.12119516900435426,-0.1423244161168144,-1.3029183414729841,Base,150,False
127,0.06944377461421239,0.10329353401681333,0.6072452193984381,-0.2242913058965028,Base,150,False
128,0.08981794302619521,0.09099950628864287,0.6842992433842296,-0.5535427782321936,Base,150,False
129,0.0866514080082672,0.14053793227575834,0.8035167378173355,0.5908761245451277,Base,150,False
130,0.11107479110414958,0.15649613629506243,0.6670949173570739,-0.6509181488060913,Base,150,False
131,0.2652955016295554,0.16380418037939443,1.6384026074501126,-0.5703728046403167,Base,150,False
132,0.14061109821417084,0.2112693077287863,0.1755334797076295,0.7045045116650817,Base,150,False
133,0.1695993904966301,0.22591487329813015,0.9316476497541923,-0.0951405722419898,Base,150,False
134,0.08475934096666737,0.11521088513936678,0.20687813541167094,0.005673313896495724,Base,150,False
135,0.19113748978059697,0.17841208681251575,0.7272080056844432,-0.33850523173541824,Base,150,False
136,0.05868203187136158,0.23926749285173637,0.7041007101680842,-0.20489474997822343,Base,150,False
137,0.1469310783267685,0.2630921569132706,1.0058710128352388,-1.014953335290548,Base,150,False
138,0.18012948174218513,0.08897157494994007,0.5883632066226505,0.5399075336052661,Base,150,False
139,0.08847288904635148,0.30738100699212745,0.5020377587411432,-0.05775555165175117,Base,150,False
140,0.1628592257285184,0.18041301535356252,0.3759880565683565,-0.9995009385106388,Base,150,False
141,0.0691836082456076,0.33468621087504724,0.8931640304893447,-0.5993422758946401,Base,150,False
142,0.07055550099558187,0.21716565676896998,0.39718966694957897,-0.6110697598618402,Base,150,False
143,0.05063028880244445,0.23157321990279686,0.23498370626913295,0.23138799748526173,Base,150,False
144,0.11691266401987063,0.2204283335813686,1.4229107694194738,-0.24354186992171734,Base,150,False
145,0.05099023118972831,0.13115399614380385,-0.10894665095218506,0.18206974853110625,Base,150,False
146,0.11669812727411097,0.20993776570259073,0.5496362687047164,-0.912415942280447,Base,150,False
147,0.2823795834556516,0.14980450251248723,0.857076334946979,-0.21555345391074665,Base,150,False
148,0.12300387613837704,0.35673332785884426,0.38595178158907845,0.15262967469080557,Base,150,False
5,0.09537067990205418,0.20783923351119327,0.20816026550994254,-0.3421744674315561,BB 1,150,False
6,0.12542064029489672,0.3090415018724444,-0.09868737090651986,-0.4496500415188389,BB 1,150,False
9,0.09847947950696606,0.14224462981577668,0.5137433142491503,-1.1577970699101152,BB 1,150,False
10,0.17969167082736062,0.22670216148963104,0.0831147765097944,0.10122416414459989,BB 1,150,False
12,0.06568096929071494,0.19259431035760727,1.1553099875540596,-0.9259842431535024,BB 1,150,False
15,0.061090141389550254,0.09775424887568615,0.041723252064108554,-0.4954818050669556,BB 1,150,False
16,0.09696217649109547,0.13421022119963913,-1.130053175443899,-0.2158244923741237,BB 1,150,False
17,0.11612934158447896,0.07406252410407548,0.03975831741669493,-0.9980312436924599,BB 1,150,False
21,0.011174988150409189,0.10894486146749142,1.34001984310357,0.047201088162274196,BB 1,150,False
22,0.06056768554218472,0.18249283013755682,0.4796528609077044,-1.0587266078071944,BB 1,150,False
28,0.07358056667133381,0.18492025221316244,-1.111047495242718,0.24356605200177173,BB 1,150,False
29,0.1298295164597612,0.12303328761528114,-0.45882762330569327,1.8496614565391103,BB 1,150,False
30,0.0844406820276874,0.14979861072989947,0.131103989641484,-0.7518707845293755,BB 1,150,False
32,0.011035880056977733,0.08587764987251817,-0.019781325684043227,0.12986271799665605,BB 1,150,False
33,0.1707091171811202,0.15381821204233087,0.7327486519100411,0.5092224367836229,BB 1,150,False
35,0.11552122298662713,0.2889011208856891,0.5156773259757124,0.25419355362088014,BB 1,150,False
36,0.10165826973608336,0.19609700983618816,0.4404412477409303,-0.16472263448926094,BB 1,150,False
41,0.0837616581369412,0.09315541884384063,-0.2304911220668497,-0.11122869765756693,BB 1,150,False
48,0.09671503317759192,0.07548094007129857,-0.3943664685095959,-0.1185492572313227,BB 1,150,False
52,0.09607019817927695,0.09919833311127975,-0.519817903707735,-0.19000141012525695,BB 1,150,False
54,0.04048201703694812,0.16397862631584234,0.28145760609324966,0.09015624522871946,BB 1,150,False
56,0.0724072923167952,0.19949110374110357,1.0797781914312534,0.5989036517135435,BB 1,150,False
65,0.09074044680133997,0.13667089047274544,-0.14141231469819462,0.13065254449832153,BB 1,150,False
67,0.03635460430921621,0.05605716422519235,0.8557780535249391,0.8721179027631702,BB 1,150,False
68,0.13151377748409465,0.14745565406058578,1.090447834958432,-0.31301188944655034,BB 1,150,False
73,0.04046352370808935,0.3087017639857744,1.5470203016448942,-1.082079784160897,BB 1,150,False
74,0.09693528507866969,0.12975562243602334,0.9610057106041137,0.16070746088798904,BB 1,150,False
75,0.09084684811121174,0.2502588408414855,-0.41780793628438423,0.4026246321787563,BB 1,150,False
76,0.13251940405975554,0.15668800254979914,0.43707032442025723,-0.9419297941507039,BB 1,150,False
77,0.16482439696203952,0.10418907671275376,0.3242622895633598,-1.3759055295809342,BB 1,150,False
78,0.07798009296196988,0.08491989749870041,0.15243073189957712,-1.3049725032729111,BB 1,150,False
80,0.16195848904172083,0.17539875365725804,1.1415983579971238,0.026423686603172847,BB 1,150,False
81,0.10064671281253287,0.11925706806670033,-0.01801800622701849,0.4687941914388434,BB 1,150,False
82,0.019866546290964182,0.10079696401064489,-0.8807008477675866,-1.2506452666558836,BB 1,150,False
86,0.17971463603423968,0.15199531813562123,-0.17482995850324634,-0.08997994935991449,BB 1,150,False
93,0.1281209982332095,0.1320564773474185,0.9125136310874469,-0.5931619428120329,BB 1,150,False
94,0.04328635725883996,0.14273362521172314,0.7967622887104755,-0.8674990854245208,BB 1,150,False
95,0.12532874120398227,0.09674403846941527,-0.5635254710005743,-1.2121890789455736,BB 1,150,False
99,0.08368569630114109,0.1482605855105225,0.05107048072250654,0.21991127913438158,BB 1,150,False
101,0.11126546426716394,0.12832464470144453,-0.27371901533545995,0.056216825490881916,BB 1,150,False
102,0.19350516196141118,0.1583357116623972,0.2723042964129529,-0.7790688256104099,BB 1,150,False
103,0.16686132869697623,0.26779985402163853,0.3940975336961852,0.18007323541395914,BB 1,150,False
104,0.15920321356064165,0.1596435620933127,0.5488575684765904,-1.173795991205725,BB 1,150,False
105,0.02632734517309583,0.21430012913292976,2.516872550012284,-0.6162221541528399,BB 1,150,False
108,0.1487253239552917,0.305863121739561,1.1328458476922127,-0.1631105405205937,BB 1,150,False
109,0.08398458466385834,0.17160547091132167,0.22639626197096566,1.0638437844378972,BB 1,150,False
110,0.10292591731078166,0.23229266071186472,0.7484344711172526,-1.3373744877351867,BB 1,150,False
111,0.20141568550978098,0.1976929060821973,0.21352851605419554,-0.3621131276341176,BB 1,150,False
112,0.18536315563606554,0.07920707111405567,-0.0823341206565647,-1.132394204330461,BB 1,150,False
114,0.03970684078708185,0.2447246987631396,1.7948526676817638,-0.48854727842205214,BB 1,150,False
115,0.046579183817529485,0.2389023506816595,0.6601856196657542,-0.46976014796915155,BB 1,150,False
116,0.05473102498235746,0.1432496903870279,0.6698310547474574,-0.8487833917593774,BB 1,150,False
117,0.08340670997431046,0.1318718899909867,0.4760205675566167,-0.41628503208762613,BB 1,150,False
118,0.027658898481825556,0.23343710760418787,1.1287746923015796,-1.418500779665481,BB 1,150,False
119,0.028871846214824946,0.1916679131385769,1.2361378491569317,-1.0156587080661446,BB 1,150,False
120,0.02550769796532569,0.14083065740732237,1.1030754345335465,-1.6431151509164716,BB 1,150,False
121,0.015532915631248853,0.2567039166006999,1.0761563747775882,-0.18619584210086781,BB 1,150,False
122,0.017494791773057555,0.234132419039504,1.9513827038944196,-0.5525528010578382,BB 1,150,False
123,0.17396246013661393,0.08499863581475632,0.22635212806440358,-0.7103978638703525,BB 1,150,False
124,0.14680700024516602,0.08639611537334446,0.03201111493896216,-0.524611286921314,BB 1,150,False
126,0.058077718460918096,0.14284830839665544,0.8443954608169891,0.14993038242928414,BB 1,150,False
128,0.06973740025829724,0.22039088171266552,0.9561281098080281,0.12309680283225832,BB 1,150,False
129,0.09044419225573057,0.11953037955875584,2.0579194837575217,-0.7258984829642179,BB 1,150,False
130,0.24575188323841468,0.09603779971011563,0.37288785244108336,-1.3460031423309715,BB 1,150,False
131,0.20235122549874607,0.12506368531007972,0.4698842779960583,-1.1707069266222416,BB 1,150,False
134,0.11338902854146958,0.16127967818167951,0.1595284544104885,-0.3392392805855651,BB 1,150,False
138,0.27045045706664284,0.1028533385590137,0.1758433919136496,0.08728041091527938,BB 1,150,False
139,0.03455768248860141,0.17730806252018577,0.9527191377567874,-0.7474717343170729,BB 1,150,False
141,0.2037758109750546,0.07768918217368836,0.09739963975738947,-1.1157997978813543,BB 1,150,False
142,0.165998545608385,0.06811532792572583,-0.566242242334692,-0.782105004810516,BB 1,150,False
144,0.07732472283682935,0.3342356779444903,1.8675247848335612,-0.1989436230316186,BB 1,150,False
145,0.025816775840402397,0.2669689222958807,0.49097441568806865,0.1267308755929868,BB 1,150,False
146,0.10697449427257376,0.09877007924076067,-0.31098121440209364,-0.6871407428369716,BB 1,150,False
147,0.054227275373591066,0.0711359202406399,-0.9980809081258429,0.2714777641599815,BB 1,150,False
4,0.21089623523950674,0.1335688142221398,0.7386089658610786,0.09732526861518287,BB 2,150,False
5,0.058532372529467934,0.05352613188367347,-0.9479956781890359,-1.490900561166686,BB 2,150,False
7,0.08056121668598819,0.1813931684184419,1.0996793439123216,-1.1060748620378509,BB 2,150,False
8,0.13577302310427083,0.13226762973405384,0.5228880877487296,-0.39359868587719027,BB 2,150,False
11,0.15082264285227195,0.11490454615805304,0.20197264151444067,0.07434737965322635,BB 2,150,False
12,0.03863314349675419,0.12738854867073976,-0.8367963729046878,-0.40986887442157816,BB 2,150,False
14,0.09664732761076643,0.038119749912875284,-0.08152863572780664,-1.1650978851347462,BB 2,150,False
16,0.18128760305042546,0.1150650616066852,0.5848618914152589,-0.5855684859691588,BB 2,150,False
17,0.24382242624877504,0.2102088670147394,0.3555717755032911,-0.5964249568147133,BB 2,150,False
21,0.11027105204141814,0.3042885720055089,-0.03870594233274516,0.5332576969046627,BB 2,150,False
22,0.1952265020662826,0.17986202778123628,0.22127335308660795,-1.1917694635438718,BB 2,150,False
23,0.2115003561332196,0.23585029222699444,0.9686812558096226,-1.0521064664152848,BB 2,150,False
25,0.10332454070193647,0.13466455652780127,0.8014934435524794,-1.3933185743165093,BB 2,150,False
27,0.15533306586616596,0.13368686262412993,-0.022987350584154104,-0.7164695923497391,BB 2,150,False
28,0.19639487059886923,0.15679227144324848,-0.18106544829045335,-1.2894652272125569,BB 2,150,False
31,0.14926135508088845,0.11043520971336064,0.18840918072822907,-0.6081095429071062,BB 2,150,False
34,0.11562719293956934,0.151129847169499,-0.5483296380083987,-0.2994408839683267,BB 2,150,False
35,0.12557507266326054,0.13187603956957492,0.8397804870518044,-0.9190025316470958,BB 2,150,False
48,0.10442920556554477,0.048510994510872305,-0.4915568695190564,-0.3872799346670366,BB 2,150,False
52,0.029254706519502984,0.19632179841534858,2.5414984290777105,0.11149054669014324,BB 2,150,False
53,0.08999417620560046,0.044307359167142776,-0.6108049789884417,-0.08445837449940319,BB 2,150,False
54,0.08194124834629268,0.1382210616664582,0.6210282080117833,-0.5591225921194223,BB 2,150,False
55,0.09059526942276672,0.33859973240027474,2.1101258090387605,-0.937258367719819,BB 2,150,False
59,0.16382779738268433,0.18529447511547759,0.6260542850008772,-0.852037344603422,BB 2,150,False
60,0.12848237814548483,0.11598775670955273,0.1911112596327867,-1.0791552755110798,BB 2,150,False
61,0.05552801009704905,0.3077550820388399,0.97877695351888,-0.1882882353464148,BB 2,150,False
62,0.07010748160357504,0.14255698850169957,0.43403933763126046,-0.6907463494547126,BB 2,150,False
67,0.07797571588144578,0.09221151643396192,-0.39743461072496766,-0.49782229017584934,BB 2,150,False
68,0.08558919155210024,0.19365966698117,-0.13825618413508012,0.41537507140835483,BB 2,150,False
72,0.1275886190911806,0.13771354699699823,1.1250463628158784,-1.2726400005530951,BB 2,150,False
73,0.13584125435260092,0.24297780345784908,0.21717015231482067,-0.3589361159036364,BB 2,150,False
74,0.11743047280124852,0.17429861350208375,0.6282235027640616,0.034636502517680245,BB 2,150,False
76,0.045986269650357535,0.2172636884624209,1.9096700540602805,-0.8848996648478655,BB 2,150,False
82,0.09128357152062015,0.15697023187678638,0.5895501663058527,-1.212038857715255,BB 2,150,False
83,0.042494159900280354,0.24546225898364826,-0.8922131847602811,-1.1965575523159009,BB 2,150,False
84,0.1266822850397067,0.1647248357162139,1.4566473114509233,-0.39386335657110205,BB 2,150,False
85,0.11761220834647726,0.41207357702743974,0.21780928722941012,-0.3801899346320954,BB 2,150,False
86,0.13774959954737814,0.2601716149046129,0.4515362232383482,0.10913033149815732,BB 2,150,False
87,0.06897195719945667,0.2542635780643174,-0.19142012327824592,-0.6065235984103792,BB 2,150,False
88,0.061971035035477726,0.09804578900803933,0.5244754443532982,-1.1086584282080096,BB 2,150,False
89,0.07595991304875632,0.18273029099793708,0.08939979074644566,-0.38352143129581373,BB 2,150,False
90,0.14240329654001244,0.20818126626908556,1.002992763481125,-0.5175112713835603,BB 2,150,False
91,0.08320443619262173,0.25303338313191714,1.2544207175701567,-0.3560124935185196,BB 2,150,False
92,0.02173274273214814,0.1860840020769777,0.21037680684373805,-0.2485302376446823,BB 2,150,False
93,0.0571863935246448,0.22301055371907236,0.8173861472928258,-0.5845704830821723,BB 2,150,False
101,0.15581020924853733,0.1360769228969991,1.0596022456314667,-0.29710516882721905,BB 2,150,False
102,0.11796978920366454,0.2116054089597949,-0.06866126386889472,-0.06710051918262883,BB 2,150,False
104,0.11885434326769527,0.22821019863823094,0.8870777985740252,-0.5100439892989357,BB 2,150,False
105,0.2749527566545063,0.13166792269888788,0.799981429694743,-0.28122526095401534,BB 2,150,False
106,0.17916417703490728,0.19632656340994836,1.257670947105572,-0.12229739262835015,BB 2,150,False
107,0.11385020079341499,0.11916170129262971,0.8919719425127118,-0.6304322393735904,BB 2,150,False
108,0.1061047392919132,0.10717453986505507,1.0260021424237356,-0.8717053936991777,BB 2,150,False
109,0.19422195467443568,0.20768660690064655,0.7619789588774808,-0.860154501298916,BB 2,150,False
110,0.13301458875056085,0.1324829179021184,0.8027775658893296,-0.9761699086518285,BB 2,150,False
111,0.11425871580941915,0.16038624244762503,0.66406565522347,-0.6534736867009932,BB 2,150,False
112,0.031401822628815135,0.07437012897790107,0.3639111995677033,-1.2995191719244743,BB 2,150,False
113,0.07400923973543823,0.17412100376712103,1.1205718815413415,-0.2609751000433618,BB 2,150,False
114,0.14213275129837885,0.09546166316135793,0.6758698013364558,-0.2949308477551762,BB 2,150,False
115,0.03857191999300688,0.14305321053626885,0.426167194307814,-0.3677618312448083,BB 2,150,False
116,0.10409505539937969,0.1701001070679557,1.0498787745119336,-0.5310834643309605,BB 2,150,False
117,0.14239341370532344,0.10176076348417579,0.32462141161752206,-0.1627156751127241,BB 2,150,False
118,0.018860322734798728,0.09531261949821365,0.3423515661800788,2.1875553589999273,BB 2,150,False
121,0.14329320454691613,0.10819777065191141,0.41756953191249446,-0.6892815306684472,BB 2,150,False
122,0.13481324547173057,0.09487406751044447,-0.20007256519867422,-0.010206501825370529,BB 2,150,False
127,0.05240545465592037,0.19559206706542698,1.2325990111994054,-0.38374765510623643,BB 2,150,False
128,0.08225620009496187,0.21283731056426172,1.8780720549574208,-1.3237799357250544,BB 2,150,False
129,0.030370221803867156,0.24297777868341014,1.1352753143305303,-0.6463077946883011,BB 2,150,False
131,0.10095205014134359,0.07596480539023917,0.7250940048427227,-0.4462384424778998,BB 2,150,False
132,0.10073174597426823,0.15832642443201825,0.3269941554723752,0.26454263379619825,BB 2,150,False
133,0.03133324654939589,0.2280908304762094,1.1891225018208726,-0.983215231856891,BB 2,150,False
134,0.18913199584269613,0.11032162357483531,0.9947923080711844,-0.24766257214629595,BB 2,150,False
135,0.027014737051681455,0.13806370124913636,1.1233022760268985,-0.48158501971255996,BB 2,150,False
136,0.05415759715336546,0.30984866002779154,1.856079250215703,-0.675122505067149,BB 2,150,False
137,0.13245869059132775,0.13127537242078718,0.9772290730784202,0.1886597814537505,BB 2,150,False
142,0.12628143694188793,0.14853707044778808,0.01933536159646141,-0.0911709120758899,BB 2,150,False
143,0.09119378240929912,0.17683622779513214,0.24891426851119886,-0.16877532261437045,BB 2,150,False
144,0.03160952210115315,0.20526524930811485,0.3035496924759571,-0.8125930950517106,BB 2,150,False
145,0.14910553102646507,0.16622827812523727,1.251600692200614,-1.9937936794932014,BB 2,150,False
146,0.043264182477058474,0.27121874133297313,2.215418525857909,-0.3068109669657688,BB 2,150,False
148,0.06650186931071625,0.18207932444547525,0.8443319339078459,-1.3205825779372913,BB 2,150,False
1,0.14528551802825657,0.15894169407068875,0.6569832164688943,-0.2766241239717413,BB 3,150,False
2,0.13512373353104493,0.2588763941827802,0.6894871922269205,0.3740423484442241,BB 3,150,False
4,0.10600644849027815,0.11187526015585086,0.011325597009240296,-0.09854085760801112,BB 3,150,False
6,0.10376067216805812,0.4413625325592053,1.5858288223621235,-0.2512779152010056,BB 3,150,False
8,0.25195540440389236,0.10351908924281689,0.45163699164067606,-0.10702598161023236,BB 3,150,False
9,0.4011346312075268,0.12418252648613583,1.001081563596226,0.05965897424875699,BB 3,150,False
10,0.21313747941331435,0.05425267424334395,-0.04288984252221013,-0.7176459491752791,BB 3,150,False
12,0.05206205219390991,0.2031522773590712,1.5160294678079176,-1.003073107148317,BB 3,150,False
16,0.05418816832423208,0.2790011578400029,1.4934011702476366,0.38544686785341353,BB 3,150,False
17,0.04211904047590963,0.23057478248145813,2.136564034319306,-0.5111854686681112,BB 3,150,False
18,0.13314173390776707,0.219721316980101,0.6664598298170852,-0.49462081896498344,BB 3,150,False
19,0.09043108606752268,0.30770339215970754,0.3771531572481336,-0.27399496004150414,BB 3,150,False
20,0.06768089044989532,0.11900463003779224,0.8050257666514884,0.3676017387967856,BB 3,150,False
21,0.15277826073512468,0.16485691544474157,0.1907046413244556,0.12172515188915756,BB 3,150,False
22,0.0613810338013331,0.21655087202682344,0.6869361609651139,0.3121362804021892,BB 3,150,False
24,0.09617591296039521,0.1736283460295396,-0.23080385660647917,-0.39963483701813063,BB 3,150,False
25,0.10610626602440483,0.23617392973910437,-0.6125627107418018,-1.8892370888454098,BB 3,150,False
26,0.05859686396816908,0.22577554569585745,0.23497675869521542,-0.4224238341771507,BB 3,150,False
27,0.0372926452380109,0.16459830761773986,2.011500037320161,-0.7062120749823393,BB 3,150,False
28,0.07366673856867156,0.1901756531275447,-0.297138459914942,-0.9090143005146576,BB 3,150,False
29,0.03620274533582296,0.1480940347944717,0.43407584914749886,0.032791940578341006,BB 3,150,False
30,0.04235576021330663,0.24081384179216994,2.0597121624178767,-0.18776643554190597,BB 3,150,False
31,0.1511211844163054,0.09645179338593092,0.22007556981245152,-0.8783638854104601,BB 3,150,False
32,0.3258819261327053,0.12718146298890964,1.864318913108632,-0.5059281854375441,BB 3,150,False
33,0.13462056725923321,0.29987349237098004,0.16787399012608556,-0.3697115286886181,BB 3,150,False
34,0.1806097624473571,0.11687241427411611,0.49096003569198854,-0.8726535709527741,BB 3,150,False
35,0.12578071499972993,0.10756981229278187,0.24092372230241882,-0.30009193575839976,BB 3,150,False
36,0.10266180388038831,0.15941385405697078,0.708888880487551,-0.1804680655797597,BB 3,150,False
37,0.09524460884498909,0.21494582076373453,0.4431644929978324,-0.2973003598703423,BB 3,150,False
38,0.19965532604063496,0.13834438542441163,0.010876569712502601,-0.7270547660080937,BB 3,150,False
39,0.13672209535853924,0.12609538238552892,0.019187651641557585,-0.43711128877229166,BB 3,150,False
40,0.0853231063521912,0.227810027201154,-0.0749564854576946,0.23735644653090882,BB 3,150,False
41,0.05409902192875331,0.499000497648759,1.847744523264387,-0.6802881463786408,BB 3,150,False
42,0.10992423370238757,0.09118806896727863,0.45298848835459615,-0.5701749429355687,BB 3,150,False
44,0.31173544783279084,0.14275852365261152,1.247690021164823,-1.5011651441616778,BB 3,150,False
45,0.05868491781688233,0.3384910430183078,1.8080491761627222,0.12538483559756797,BB 3,150,False
46,0.08844654514380404,0.09001643189396139,-0.5033586193019507,-0.9011215527228771,BB 3,150,False
47,0.0922474329333465,0.24308200619216144,0.36337278703127834,0.09105197108734275,BB 3,150,False
48,0.12900299366790868,0.15028198080713862,0.17506401019109555,-1.0493930657694748,BB 3,150,False
49,0.15682417793950096,0.16091044816955763,0.8184030811210912,-0.8130728291768399,BB 3,150,False
50,0.1679300658682514,0.14826138097625682,-0.02337256375549135,-1.321282411560724,BB 3,150,False
51,0.0251746174241244,0.26874808597994926,1.3583929900338725,-0.05618826013878797,BB 3,150,False
52,0.2597344642809666,0.18692410963216732,2.0817331881604613,-0.65450892901995,BB 3,150,False
53,0.07371740941902366,0.09374225154252823,-0.04911866626815295,0.06957413801175028,BB 3,150,False
54,0.09925790467542744,0.20028615652232135,0.6876778332300714,0.42581562036536136,BB 3,150,False
55,0.08813638508358745,0.11313735031027237,-0.4413609586485866,-0.46272289119556964,BB 3,150,False
56,0.06787077837540262,0.3322965236881056,0.09491636567390249,-0.3534441213959236,BB 3,150,False
57,0.07492102318907565,0.07981613562401196,1.2729147883075647,-0.34963634144867317,BB 3,150,False
59,0.13562532338472627,0.2593400745556395,0.6747600235317495,-0.010274193342900473,BB 3,150,False
60,0.11227711046660131,0.1901394868160997,0.012506080433603572,-0.20643341300569373,BB 3,150,False
61,0.11633711429726505,0.07419350572549446,0.27161823513997574,-0.16784845677528848,BB 3,150,False
62,0.09802198746353728,0.12527138456768566,0.26597795784168443,-0.44810942754435246,BB 3,150,False
63,0.09311082767390655,0.10755402905111887,-0.3742393154372455,-0.7474025794467223,BB 3,150,False
64,0.13203911588200762,0.14307063225132333,-0.029998172769922005,1.0701245156326329,BB 3,150,False
65,0.10025907534670066,0.19999272892773273,0.4017744295379081,-1.0636326838007144,BB 3,150,False
66,0.08016508253158462,0.11758127556162587,0.46372100189488746,-0.6911074670198016,BB 3,150,False
67,0.10378433876242643,0.2108988756869858,0.3370415966058752,-0.09171153397341314,BB 3,150,False
68,0.1980769135642353,0.24073114629452352,0.371506597533977,-0.17882480090132513,BB 3,150,False
69,0.1505806204711536,0.1513067963280496,-0.07982848479747097,-0.6936184755437238,BB 3,150,False
71,0.19602113668926452,0.06135756250494709,0.32717566605372833,-1.417891136068042,BB 3,150,False
72,0.20437608939070817,0.1521063818992332,1.032733851705455,-1.0817323467667666,BB 3,150,False
73,0.09684430037381928,0.0823688859722074,0.15382712245722063,-0.43516176269418416,BB 3,150,False
74,0.09694340840267218,0.2339068463862406,0.21407853889142917,-0.7810489632087481,BB 3,150,False
75,0.014139514698700386,0.18477460355141398,1.0166782210230683,-0.12163939464935947,BB 3,150,False
76,0.016566794587591954,0.14703319248886576,0.4230093186173982,0.020875690093749455,BB 3,150,False
77,0.027239329120181704,0.16924633519740406,1.2905664923911864,-1.3120504031135707,BB 3,150,False
78,0.12908961700408436,0.11266221304229943,-0.2471967497989324,0.28424117086505807,BB 3,150,False
79,0.10117124558357692,0.22991952462061457,0.3849404301633706,0.2555856384221409,BB 3,150,False
80,0.20395534650992275,0.2941905012530373,0.45837462871405105,-0.30151493152713327,BB 3,150,False
82,0.01701398499528961,0.20376797028231075,1.7031207657008898,0.288597153571144,BB 3,150,False
90,0.19659561014680998,0.23005609538961638,0.5035798881204191,-0.6187145831194465,BB 3,150,False
91,0.16675229803058056,0.06693361391364833,1.187168874297555,-1.262736169332026,BB 3,150,False
92,0.15047478709843617,0.10668479217325119,1.1128495694568854,-0.8635399616275996,BB 3,150,False
93,0.07792694672504856,0.19692813044941324,1.2175818389008568,-2.129643645290362,BB 3,150,False
98,0.11827182131745279,0.2387605496544279,-0.4555251357452603,-0.5324023911216824,BB 3,150,False
99,0.1199493103834389,0.20532477320197554,0.9432894983407025,-0.31861745504951045,BB 3,150,False
100,0.09660670070226637,0.23346557375615057,0.5815535188130323,-1.8214757712866263,BB 3,150,False
101,0.10095772362262731,0.12869386796015178,0.8755128194989077,-1.540207001413078,BB 3,150,False
102,0.10867723942977953,0.16295942971892394,0.5927828839951778,-0.25501272705162314,BB 3,150,False
103,0.12890001155411884,0.17544033896787575,0.5415777490749829,-0.05199376505679831,BB 3,150,False
105,0.21429690362792408,0.10220685868136332,0.5967192737095448,-0.4023989867406026,BB 3,150,False
106,0.015776553365239733,0.17812854195130254,1.4998256483402745,-0.1767066716804102,BB 3,150,False
107,0.13257517347896053,0.14158454188268543,0.5522723298749227,0.07841709456276225,BB 3,150,False
108,0.09040075545262115,0.16646913043685965,0.19325593829661336,0.5375333355858714,BB 3,150,False
109,0.08219675315913258,0.10585294928558497,0.1867117358323861,-1.221115243586179,BB 3,150,False
111,0.10676771567126012,0.27839153271962425,0.7865803427714004,-0.38818523602637667,BB 3,150,False
112,0.08557989245368158,0.15708813891209963,0.6223600491096678,-0.4621541472896218,BB 3,150,False
113,0.02843639774712276,0.1508384499287889,0.8452661580074121,-0.8180924311619431,BB 3,150,False
114,0.12100843459344679,0.38106991425926745,1.0906819587680527,-0.820219947764727,BB 3,150,False
115,0.04480359366703191,0.06873151365949115,0.015422861175334188,-1.0861655931687597,BB 3,150,False
116,0.04328756212186477,0.20365726561360292,1.216842514107488,-0.7836849214801913,BB 3,150,False
117,0.11613342789842444,0.1808249142741915,0.03273775621191102,-0.9997497864517879,BB 3,150,False
118,0.09228790011499649,0.11431911347447037,0.49796572653475213,-0.5194890773412539,BB 3,150,False
119,0.11964353035677223,0.270506457343089,0.7679700373594078,-0.25671129765725986,BB 3,150,False
120,0.17134033745595323,0.1930615716290201,0.7501822706354364,-0.5635032709762366,BB 3,150,False
121,0.16481411302084725,0.20329340041092325,0.599276866781078,-0.15565542416264955,BB 3,150,False
124,0.04005634771420359,0.10032384847219365,0.22249545216702893,0.27655014966800584,BB 3,150,False
125,0.06388688030543976,0.12728853686373587,0.009016820495385686,-0.13729639579804465,BB 3,150,False
126,0.11257371610168815,0.11311568218027565,0.5389593089806026,-0.7513044938603042,BB 3,150,False
127,0.08294810686121726,0.17885916971343602,0.22126628104940124,0.517637176004075,BB 3,150,False
130,0.04008867137634648,0.07040811159397299,-0.044250437788242114,0.49968054058409894,BB 3,150,False
131,0.042389121195216824,0.14900598709679308,-0.2857522749306469,0.13188730645215996,BB 3,150,False
135,0.05877201844589081,0.07373816858557353,0.3371764403000504,-0.8951464255690986,BB 3,150,False
143,0.10771272045380095,0.1650426626600423,-0.28629232368339225,-0.7827535020068139,BB 3,150,False
147,0.08818579296781373,0.1118670748888817,0.7433424534889979,-0.6045860959477087,BB 3,150,False
148,0.2224425229230224,0.10078531628772107,0.5347175134481875,-0.5405776085230563,BB 3,150,False
7,0.01887881972100154,0.19321422263803167,1.5519449242502596,-0.8979412032184233,BB 4,150,False
8,0.15223785722756517,0.16421952190606123,0.3166937264453082,0.2816993813156412,BB 4,150,False
10,0.11793135271799837,0.15147456033192816,0.2621954964278765,-1.1570876587285377,BB 4,150,False
13,0.09350368918497676,0.09846906785203935,-0.29720990470804376,-0.8067740963561785,BB 4,150,False
16,0.05698460955095921,0.11248637253899105,0.22942482038078205,-1.2441470685815563,BB 4,150,False
19,0.08535714851481782,0.15123281449301418,-0.15586210535243042,-0.5707585330417211,BB 4,150,False
21,0.04224999895358529,0.2895760920946643,2.34809898645692,-0.12099714962112307,BB 4,150,False
23,0.09240227519180036,0.16510811686778343,0.37849462524715244,-0.9703239770962799,BB 4,150,False
24,0.12760094888308457,0.14861304614372006,0.5896498334236324,-0.6898686398999354,BB 4,150,False
25,0.13942585448006242,0.14262067296986658,0.032516351094597835,-1.0792318594236892,BB 4,150,False
26,0.0701177392770564,0.23385881904630546,1.0432565099363003,-0.9246632712939311,BB 4,150,False
27,0.01592461963839263,0.10287453431901697,0.11553872707703813,0.33782719537863715,BB 4,150,False
29,0.10287885759545295,0.18407623676545828,0.17351986548526105,-0.10888627090130276,BB 4,150,False
30,0.22818632180780082,0.23909100504798175,1.234470156076676,-0.24261925168970788,BB 4,150,False
31,0.11386308321019092,0.4270087397888294,0.7698248465480227,-0.2591607817756483,BB 4,150,False
32,0.19135680899032825,0.11211354438945634,1.306156818005162,-0.6340406413946569,BB 4,150,False
33,0.06668847096060522,0.18134441665682627,0.17601295013436546,0.6609409000575517,BB 4,150,False
34,0.036901449818920226,0.18002518664600592,-0.06187111158908379,-1.2731005670945064,BB 4,150,False
35,0.02819514823030652,0.1428879146637884,0.4684522659307469,-0.777960690883337,BB 4,150,False
36,0.10155089082117008,0.057161142311602756,0.1535866576379277,-0.8709459236734332,BB 4,150,False
37,0.06263103896128645,0.1447808890117806,-0.2072108692335979,-1.0593821453656984,BB 4,150,False
38,0.1783966050180622,0.22653811034389093,0.5351897079634782,0.9697676646491544,BB 4,150,False
39,0.03238491478347083,0.061282994742648506,-0.7576514406665444,-0.46883374014496937,BB 4,150,False
40,0.028589889243789322,0.054619345290960755,0.8063353243823846,-0.5085121620704198,BB 4,150,False
41,0.02992255864885677,0.08405155585227926,0.5744515927530579,-0.5472838910535529,BB 4,150,False
42,0.061605297123428646,0.21409090244123996,1.7138128829349462,-0.326006592120645,BB 4,150,False
43,0.05178722257364461,0.2586364611127362,0.7702520115000189,-0.38464090516294425,BB 4,150,False
44,0.09637674350160433,0.24842142856911625,1.3376143895223738,-0.046968886849480196,BB 4,150,False
45,0.08506773682038102,0.22794397191543025,1.0391723756153821,-0.44561690351955363,BB 4,150,False
46,0.034379271841308075,0.11068739206103648,0.5380738062842205,-0.9295927428593442,BB 4,150,False
47,0.024936721695516632,0.05818369023513325,0.4128535353455657,-0.6145062886523998,BB 4,150,False
48,0.03987388925987974,0.11370637770752051,1.1337934112269958,-0.9702537191395804,BB 4,150,False
49,0.05024512642626605,0.10470389392058556,0.4355276761802833,-0.6804829120842384,BB 4,150,False
50,0.07364249688265141,0.17832147589083341,0.5903507412387036,-0.16471821322295943,BB 4,150,False
51,0.04716988948805021,0.18306277947541288,-0.3869605455452658,-0.17477630856103277,BB 4,150,False
52,0.14610865296376016,0.1887636593262659,1.1789595868378508,-0.971810771156498,BB 4,150,False
53,0.14720686063042424,0.13120778622652007,0.5613167744291422,-1.6976641779569166,BB 4,150,False
54,0.11295058859433361,0.16624136214172808,0.00043308353380744347,-1.9163558379858854,BB 4,150,False
55,0.1421278005421834,0.16416829824564388,0.599917895149858,-0.608156608523106,BB 4,150,False
56,0.09133113890997467,0.13170529657416805,0.9391581608214588,-0.6691243256878554,BB 4,150,False
57,0.1294019486871304,0.14428203814266038,0.9907399052919,-0.8653528673594446,BB 4,150,False
58,0.16291850603325692,0.13702526723829336,0.042154796551566655,-0.06548364674685248,BB 4,150,False
59,0.1273491067420787,0.20260438250207016,1.1514622330000677,-0.9791850816705874,BB 4,150,False
60,0.04249719201962995,0.09659102359108454,0.33033092674909326,-0.09386370789282505,BB 4,150,False
61,0.05217748369140074,0.12860516157550655,0.8222808866936547,0.08447854267526456,BB 4,150,False
62,0.0614867435896997,0.09467815709035715,1.2870627983182388,-0.827852655629902,BB 4,150,False
63,0.23942442363018218,0.09132578745567865,0.5704371275373386,0.2937285942841181,BB 4,150,False
64,0.047070628498263184,0.1771132703841903,0.4808833549945872,-0.13158793208491382,BB 4,150,False
72,0.04688958505705528,0.2665462509940031,1.497554407968799,-0.25125748141545134,BB 4,150,False
73,0.04343281174396603,0.21669627056569646,0.9769069230535288,-0.428100378973586,BB 4,150,False
74,0.04371364736783967,0.22254936414492874,1.6313677261035213,-0.8057048760660712,BB 4,150,False
75,0.027059590224816733,0.2966835132387827,1.3440399243843761,-0.9926603130120446,BB 4,150,False
76,0.08399106629060178,0.13177507761932047,0.8425937755807862,-0.20607140578521488,BB 4,150,False
77,0.016053531989885274,0.09710354247114304,0.9805127539332584,-0.2628549846667978,BB 4,150,False
78,0.032510655392900566,0.10938938986053176,0.5652987897181637,-1.0389181011739663,BB 4,150,False
79,0.10960332463455802,0.16724162473471219,0.0695718316234546,0.47719034329698484,BB 4,150,False
82,0.11865129232679203,0.1899590830958774,0.8528115880863059,-0.9139768772554788,BB 4,150,False
83,0.05120450679050992,0.27331753493413036,1.5317722596494057,-1.4893681381992425,BB 4,150,False
84,0.028459862974554197,0.04870973578934065,-0.1966574287577127,-0.41905623839705797,BB 4,150,False
85,0.1899611512056728,0.09926411477796272,1.2395571478381422,0.36711505168308434,BB 4,150,False
86,0.07617458533467138,0.25778343351385336,1.111784133564815,-0.5814897571372302,BB 4,150,False
87,0.10741192472022582,0.16303184894334066,0.6138952035153127,-0.2669181467942692,BB 4,150,False
88,0.18480636665384867,0.11251159231442343,1.1747161108159752,-0.6581151105603724,BB 4,150,False
89,0.25627623965427826,0.20008351601807278,0.4950362107961399,-0.807287151345818,BB 4,150,False
90,0.14607018379938674,0.1817081688729462,-0.20080783798934504,-0.42678513709197063,BB 4,150,False
91,0.055333289013040396,0.20970502960825327,1.3982157505158612,-0.9191881466971763,BB 4,150,False
94,0.033512584007244196,0.1600142726683031,0.9097289192991689,-1.0303963720003737,BB 4,150,False
96,0.1307945394152799,0.18235844507224636,-0.10116345046717515,-1.036845302250911,BB 4,150,False
97,0.17248092801490675,0.13011444165497407,0.4797562180910555,-0.6344744120849135,BB 4,150,False
98,0.1418863342689745,0.2134656619731844,0.9900942097293423,-0.9310503803405954,BB 4,150,False
99,0.12443546264590918,0.075564016953963,0.5883185038469511,-0.6884489976154169,BB 4,150,False
100,0.049921091434047646,0.19900885080565411,0.5682706186327594,-0.017642263962739158,BB 4,150,False
109,0.09535503047392635,0.11673516542921226,0.0845708197651259,-0.5153124191244207,BB 4,150,False
110,0.167568117910841,0.0668839479285974,0.5876914070283562,-2.012869583327902,BB 4,150,False
111,0.05043888437920903,0.06581682547260372,-0.31446461593311736,-1.365107687647368,BB 4,150,False
113,0.15078196005159206,0.15307023834867928,-0.07067589313749348,0.32802026033125586,BB 4,150,False
114,0.15903700083512204,0.13150870837109052,0.18794436614975668,-0.36622966604338214,BB 4,150,False
118,0.1185520425123348,0.3435642938138192,0.40071105454762834,-0.6518954471827691,BB 4,150,False
119,0.07754559090104746,0.3643741465400425,0.7184897145518782,-0.18601872812953335,BB 4,150,False
120,0.10386131017052602,0.3167402969996501,1.063437942544097,-0.8236454186338973,BB 4,150,False
121,0.03814974921401266,0.0676727409118617,0.034832430465129405,-0.4269580599368963,BB 4,150,False
122,0.0630903591687563,0.10075127209141638,0.46143982184372423,-0.7215846963568397,BB 4,150,False
123,0.07379502312186188,0.19427252297797815,0.2625452087465572,-0.9228527019712107,BB 4,150,False
124,0.06131247359900305,0.11683517680059412,0.2088937102184399,-0.34834477639259065,BB 4,150,False
125,0.027059246404630293,0.07820881247908987,0.33850465373807503,-0.9025469625034059,BB 4,150,False
126,0.08223507384190028,0.18628372310747693,0.027692609862462622,-1.287003532833857,BB 4,150,False
127,0.04499111578723148,0.18081780261056096,0.9497636619262038,-0.5998354732974369,BB 4,150,False
128,0.0797493253508616,0.18784771966983974,0.4500320523614181,0.31819862629826456,BB 4,150,False
129,0.06524338835775459,0.14840793075641617,0.5720704900848926,-0.9071648301587172,BB 4,150,False
130,0.07511994324749463,0.16369816670059048,0.14750312497372928,-0.8741045469539315,BB 4,150,False
131,0.02818505882900809,0.07373825693857505,0.4954264353948178,-0.6283563264880154,BB 4,150,False
132,0.05753309280229232,0.24293851974930736,0.3929131045137673,-0.20633674512948286,BB 4,150,False
133,0.07768616075640628,0.11743690446721423,0.38113161560105435,-0.316499692299125,BB 4,150,False
134,0.07666549921972568,0.1452393437886985,0.6092784254953795,-0.613874226389834,BB 4,150,False
135,0.05366080726644527,0.18039410505724585,-0.1686157066196933,-0.548417711482386,BB 4,150,False
136,0.06368741519562482,0.13063332043557616,0.23663913447046625,-0.4428876473391008,BB 4,150,False
139,0.05961255269352564,0.09044504492256403,0.5394465329683714,0.5485275228105784,BB 4,150,False
142,0.07520882175201313,0.2697420237467362,1.9034780885246156,-0.6196267885083335,BB 4,150,False
143,0.07502123517791652,0.12705998141516162,-0.8773269794668266,-0.5451278831454425,BB 4,150,False
144,0.1564062066849729,0.08642349826470064,-0.029107481356597693,-0.6368679869561125,BB 4,150,False
145,0.17595434831791854,0.0916601740785917,0.6958167982444006,-0.6544737994465435,BB 4,150,False
146,0.05038766294176958,0.0936631728375659,0.5489872214290091,-0.4238886668973092,BB 4,150,False
147,0.06794953816976781,0.16025326754199237,1.0653116893308834,0.18946067107300069,BB 4,150,False
1,0.09225511699521864,0.09884232950827881,0.6025395018097925,-1.0629640249328471,Pós 1,150,False
2,0.05107685738595816,0.12179747754327667,1.033126664638825,-0.45859872347690933,Pós 1,150,False
3,0.06283653844879161,0.0669282154146478,0.012599894217937415,-1.8347941525743194,Pós 1,150,False
4,0.0789745847165765,0.1674108326783217,-0.5517776667769516,-0.742608434588063,Pós 1,150,False
5,0.05063939798311699,0.1540664971350788,0.08469894301911368,-1.7296436933847072,Pós 1,150,False
6,0.13939830972879405,0.15257352301274163,0.5820953617000454,-0.7422427441458328,Pós 1,150,False
7,0.021614200965972732,0.09290232756620892,1.0994118425046857,0.32090040321740654,Pós 1,150,False
13,0.10911870125050308,0.08445969158875544,0.21294890869351912,-0.33480724901559755,Pós 1,150,False
14,0.19580511222482289,0.13489741011242395,0.37499054336723014,-1.0048693945496954,Pós 1,150,False
15,0.3121912088587012,0.10101301041283087,1.426499298381674,-1.045785690529304,Pós 1,150,False
16,0.21059668107767665,0.1396091524045654,1.3729438321025154,-0.7962646840178693,Pós 1,150,False
17,0.022840762028946467,0.08039838983806095,0.8082150931549856,-1.0945157301275361,Pós 1,150,False
18,0.024682808545179964,0.097165386594085,-0.19627113836984633,0.017123108198865644,Pós 1,150,False
19,0.08239562870895167,0.08280745348111174,0.3006116231686665,0.081185007307365,Pós 1,150,False
20,0.08053002263283426,0.134982564336385,0.38568581115523587,-0.9974339039082531,Pós 1,150,False
21,0.09712484936661894,0.09962582885955909,0.9679562817730127,-0.8361517503271476,Pós 1,150,False
22,0.040092324352619696,0.14467691999430546,0.12294644605449981,0.5112430680541009,Pós 1,150,False
23,0.06694474532358613,0.2563606533461551,0.22543575866490095,-0.6580523127427713,Pós 1,150,False
24,0.17863941812352363,0.050811865324631056,2.2310440156943017,-0.22402630989360062,Pós 1,150,False
25,0.030602887356976957,0.05488571612749492,0.42688376784616244,-0.9765119366245179,Pós 1,150,False
26,0.08577723137051588,0.11535715037238868,0.7126673537879115,-0.1678528695066679,Pós 1,150,False
27,0.08309598684580144,0.14810373288562428,0.6879112573016797,-0.9962813915823716,Pós 1,150,False
28,0.13002762111828875,0.17407154028693422,1.503261311765674,-0.7442798968991924,Pós 1,150,False
29,0.07448831495407407,0.17227605503903362,0.3861426173171655,-0.8723641254645291,Pós 1,150,False
30,0.04944549915977453,0.1160554893325312,1.4744749532907622,-0.5881740519131808,Pós 1,150,False
31,0.14837335421937023,0.08859610111356112,0.4057307198938873,-0.7302655480114149,Pós 1,150,False
32,0.12983936593008127,0.2843181696447146,0.5949302968180818,-0.014117583268746792,Pós 1,150,False
33,0.09700102615805693,0.10735391753379714,0.22304811363074806,0.4319451751097656,Pós 1,150,False
34,0.19192442796190673,0.16995626304634667,0.24392957690005956,-1.0907915717352594,Pós 1,150,False
35,0.23209921589815247,0.068617051862125,0.6156989050041888,0.019004225018801613,Pós 1,150,False
36,0.31792845239550815,0.08914318698194826,1.2031842897049985,-0.845339719237069,Pós 1,150,False
37,0.06573988873927511,0.09157888041388573,-0.019122446427648224,-0.14597556755216656,Pós 1,150,False
38,0.23025627463908716,0.13019294863972114,1.2131670163115742,-1.099276638867432,Pós 1,150,False
39,0.0904587190121098,0.07317293431505816,1.0955194362337755,-0.44788288465127923,Pós 1,150,False
40,0.14564652054232322,0.14068523736312746,0.25150410758260155,-0.6381762132254156,Pós 1,150,False
41,0.06297434837018157,0.1613153192566741,-0.3134497207876072,-0.4649340530011852,Pós 1,150,False
42,0.07511375127574792,0.25427616505802375,0.5134289567650375,-0.7142812751499235,Pós 1,150,False
43,0.04389051518589044,0.056266237919676165,0.6271927607066687,-0.20666688052508908,Pós 1,150,False
44,0.08127600032731011,0.1000343456356387,0.7397861951703864,-0.1691460238719511,Pós 1,150,False
45,0.045627503324033286,0.08042967657068417,1.1301197604845812,-0.8816946849541512,Pós 1,150,False
46,0.1045374095146702,0.07032855594002901,0.7093650267153153,-0.3606119128634382,Pós 1,150,False
47,0.060922790671173566,0.10872759014456393,-0.8077688847194564,-0.7732993567721871,Pós 1,150,False
48,0.031118856250584553,0.07420919540573828,-0.07019636808523666,-0.06754759830414736,Pós 1,150,False
49,0.13388477841880286,0.09611308747647668,0.8379612638462008,0.20757973168414945,Pós 1,150,False
50,0.09360507278718247,0.20099089299672804,-0.5704860267985374,-0.2971684964043031,Pós 1,150,False
51,0.06777048649071908,0.3102185314312956,0.3508961416515859,0.3954115495322794,Pós 1,150,False
52,0.2309831200825161,0.18015847843841787,1.3268644244634362,-0.01627208277313108,Pós 1,150,False
53,0.0645599454671072,0.08778061754235297,1.047922492535741,0.19537719733755088,Pós 1,150,False
54,0.17108603383588686,0.1590316781734163,0.4701318811448577,-0.9631582354320769,Pós 1,150,False
55,0.04710029044800672,0.11422900416946992,0.3973329363946597,0.28255210983019197,Pós 1,150,False
56,0.20548451095305115,0.08432136270274804,1.3557945642242792,-0.6637833316004531,Pós 1,150,False
57,0.158122637201268,0.21353179817698892,0.4139059617485491,-1.4296507007136818,Pós 1,150,False
58,0.10784253384068801,0.17202655072576056,0.532321242548651,-1.905148104085491,Pós 1,150,False
59,0.18285370256384034,0.08751598832134075,0.9698431145900919,-0.22481695249836853,Pós 1,150,False
60,0.18863836419659935,0.08165820885146105,0.5502137793709301,-0.3298258094704358,Pós 1,150,False
61,0.2694434241894435,0.10392883705804329,0.8397074524525705,-1.0818308478342573,Pós 1,150,False
62,0.08134513428336923,0.049385349391065925,0.5693810539805222,-0.8916633246741386,Pós 1,150,False
63,0.19341807176029396,0.10372963317040026,0.4201165187998848,-0.14771117783688026,Pós 1,150,False
64,0.11093470557863402,0.16002786719981538,0.31269529467765034,-0.8830471966659188,Pós 1,150,False
65,0.024519090030287717,0.07562310517089005,0.17276874557058708,-2.122406411124256,Pós 1,150,False
66,0.19574529473861949,0.24840501523809022,0.5740559189194405,-0.3006112833361352,Pós 1,150,False
67,0.14198070456574707,0.2460866577989223,0.997181680325944,-0.30551273225319875,Pós 1,150,False
68,0.07279437632011435,0.14511253961781329,-0.6328732687774962,-0.6099543924121176,Pós 1,150,False
69,0.09577592334060368,0.12253297056083258,1.3409124898547962,0.04885261193105883,Pós 1,150,False
70,0.10598676793480453,0.07850544496045436,1.7123982443271681,-1.004438667666693,Pós 1,150,False
71,0.10315083805988123,0.12866824662223006,1.143574486189798,-1.3492515857282463,Pós 1,150,False
72,0.21224160405625295,0.1535178420803045,1.058017969468026,-1.4484740012071553,Pós 1,150,False
73,0.1767267835228247,0.16874346879282767,0.8823247075523707,0.2558121560731874,Pós 1,150,False
74,0.07937758911356954,0.07327775619609803,1.0400866404936493,0.15433047602806926,Pós 1,150,False
75,0.15423773499213056,0.16466599401529391,1.12378801041271,-0.8734369370845458,Pós 1,150,False
76,0.04063242130241568,0.06973167087115537,-0.8219319383362544,-0.9228572575256897,Pós 1,150,False
77,0.14613795936775578,0.21797575539426745,0.675064306117104,0.21844148953079934,Pós 1,150,False
78,0.06320114873785006,0.11850213149746422,0.26984478550136687,0.5226890049935937,Pós 1,150,False
79,0.08390395437509429,0.06751914800631517,1.136273506361451,0.08339982806221746,Pós 1,150,False
80,0.08367429259440634,0.06080668759756308,1.800356656855789,-0.41654224479407054,Pós 1,150,False
81,0.26713716842427754,0.16630362526851694,1.27684786099331,-0.8237810370529827,Pós 1,150,False
82,0.09294245178636394,0.1448329562504452,0.7137615744134314,-0.7765930690426863,Pós 1,150,False
83,0.09268983179648355,0.23994663103523933,0.33371240334178365,-0.47026517185470995,Pós 1,150,False
84,0.1173069265602583,0.24351314131429505,0.3718051585550873,-1.5381090247544287,Pós 1,150,False
85,0.010376050767088203,0.09930687596729004,-0.0352654106554731,-0.6300151201831028,Pós 1,150,False
86,0.07649078448811587,0.08820273242227106,0.17995075893544976,1.8525819972666961,Pós 1,150,False
87,0.21451516898963036,0.12475842446789731,1.2183648849376016,-0.7535461049685379,Pós 1,150,False
88,0.10770499050697276,0.15572326183159696,-0.11124910437333027,-1.0896281056324253,Pós 1,150,False
89,0.038614856597787836,0.1213581936923438,0.3706261598217696,0.0850727107923146,Pós 1,150,False
90,0.03923407443368837,0.12378187783361858,0.3525372515703176,0.24011398264816552,Pós 1,150,False
91,0.0636800864098111,0.13648159979592023,0.4575363185660915,-0.4070794302848637,Pós 1,150,False
92,0.03359858204943092,0.16014400443132762,1.0344766033449517,-0.6693551995728066,Pós 1,150,False
93,0.029075556445949786,0.056395588264617276,0.7190789093723365,1.182693134289576,Pós 1,150,False
94,0.045191276487781595,0.0528961263841377,0.10984337095152444,-0.4706463761127626,Pós 1,150,False
95,0.2059561849611352,0.19877917136527284,1.5757097356413243,-0.6593652651535558,Pós 1,150,False
96,0.08093360534570448,0.14105630519179585,0.03269268349139212,0.13257579606541814,Pós 1,150,False
97,0.16628766588369334,0.12416771423729046,0.30535342359374057,0.08804328203495482,Pós 1,150,False
98,0.1381482672836613,0.1977972657262092,0.314132936119564,-0.8028434678629386,Pós 1,150,False
99,0.17121379380815133,0.06090064122701704,0.3222966981450447,-0.5368185348348766,Pós 1,150,False
100,0.2641808764669593,0.08588416800600393,1.1472690903265428,-0.7597349582131292,Pós 1,150,False
101,0.11751083486263729,0.13510787413276726,0.6288597491930685,-1.3922637919170504,Pós 1,150,False
102,0.12979681696428197,0.15623954841124993,0.8623311682967889,-0.08532616104022273,Pós 1,150,False
103,0.17567779374847112,0.1493288805923691,0.49003573169461484,-0.16996360358880325,Pós 1,150,False
104,0.16336033388604027,0.1030807846735665,1.1404886357694934,-0.6061518059519473,Pós 1,150,False
105,0.16110858123045085,0.20152457489874145,0.4851869372963957,-0.9100058519979108,Pós 1,150,False
106,0.05918584409027401,0.05001101408433044,-0.3580119468567822,-0.5779933074386929,Pós 1,150,False
107,0.1952013619025731,0.17599208169521613,1.3071344174821204,-0.6900763754761428,Pós 1,150,False
108,0.05970779207437806,0.05058028502191804,0.4903213170901821,-0.8168002974577213,Pós 1,150,False
109,0.30537138671180303,0.15053333785426481,1.092395414311929,-1.3621672452115154,Pós 1,150,False
110,0.24214092375971905,0.16930343738750944,0.8812743123378142,-0.22065166466065844,Pós 1,150,False
111,0.13277717873363998,0.13709852891990662,1.1388205009684118,-1.9422907895347665,Pós 1,150,False
112,0.14685762491906806,0.11763365113680424,1.1077872120700443,-0.6003543198525281,Pós 1,150,False
113,0.08477080885414039,0.14635447853246517,0.1193120219723803,-0.9119004637994501,Pós 1,150,False
114,0.12700454713548062,0.15398101288531757,0.0088403468383841,-0.7702024674889836,Pós 1,150,False
115,0.20879811541707538,0.13669023616798465,0.6746863663164298,0.2581293984988946,Pós 1,150,False
116,0.11497212584432837,0.11643298946717956,0.09932312431377337,-0.07981532049916007,Pós 1,150,False
117,0.049129867086566505,0.05594462954272983,0.752103173360699,-0.6868907242310125,Pós 1,150,False
118,0.035943568150196656,0.08176794822735285,-0.4710325740245816,-0.08844336471654968,Pós 1,150,False
119,0.07030451729586072,0.07620765352537154,0.48225329415650614,-0.6542170488615682,Pós 1,150,False
120,0.015255942339416559,0.15475300335020548,-0.4906915017675658,-0.517277750091222,Pós 1,150,False
121,0.08490015679506407,0.14956466218077585,0.4160347156995149,-1.175931614895637,Pós 1,150,False
122,0.1633918380152095,0.07453198728728565,2.291879941493743,-0.34235024100624645,Pós 1,150,False
123,0.06772863892804601,0.14276595686536797,1.2067299797082491,-1.16932096500011,Pós 1,150,False
124,0.027372761473863985,0.0693877639232553,-0.0038128782821500867,0.02292339466023341,Pós 1,150,False
125,0.06265570010687423,0.0906157438988232,-0.06297647694381973,0.23451739212246592,Pós 1,150,False
126,0.11707520546874707,0.1703533581368869,0.7952269170874329,-0.5078148693620466,Pós 1,150,False
127,0.10337236992708496,0.14967632275610449,0.33089874807840247,0.11323021577797254,Pós 1,150,False
128,0.0379211929009341,0.10296132599387865,0.04029044941839161,-0.10874604545392996,Pós 1,150,False
129,0.07940660141537448,0.09372908946892813,0.038262674686694295,-0.2129343855774266,Pós 1,150,False
130,0.2024508386703145,0.22420571649780635,0.7312636745532407,-0.09044849675830058,Pós 1,150,False
131,0.19939765218462555,0.12945891581584354,0.513989501786567,-0.11292116216120429,Pós 1,150,False
132,0.18893686726357548,0.14566866168565315,0.4635904613768298,-0.8256869092549024,Pós 1,150,False
133,0.13852253004257276,0.12252439785493995,0.6978045121894653,-0.833478867646152,Pós 1,150,False
134,0.20754616375192866,0.2195468341175343,0.5999668650577281,-0.4075622681859157,Pós 1,150,False
135,0.21752410782195625,0.12674243045008313,1.154733410684572,-0.80068542825277,Pós 1,150,False
136,0.10486285880632758,0.08247657428315508,0.7669217145949337,-1.5923965914927376,Pós 1,150,False
137,0.21139089816724882,0.1348701124345755,0.5559244454913945,-0.19377399310043697,Pós 1,150,False
138,0.14169712209509677,0.061725368059589183,0.5580709308442375,0.5022878998062958,Pós 1,150,False
139,0.054634793583786444,0.08751822678963148,0.8191832574194509,-0.7591291372168936,Pós 1,150,False
140,0.04266287250622877,0.10289501220258188,0.17857680604823611,-0.7230442485535953,Pós 1,150,False
141,0.07097505876087708,0.10574412737383299,-0.1292360161367747,-0.5357971294801751,Pós 1,150,False
142,0.11799688508422851,0.21544513930959333,0.9595406947241418,-0.4605318347123346,Pós 1,150,False
143,0.10883613686994349,0.1268750791599922,0.896023352974336,-0.31223171500602653,Pós 1,150,False
144,0.06042261099123438,0.15397189563890595,0.24728515118967223,0.45228317430060505,Pós 1,150,False
145,0.057007551993155006,0.14063448746245666,0.3067457236932014,-0.7122596692309107,Pós 1,150,False
146,0.06959350580296192,0.15282783590926424,0.47039434728635005,0.06986627501386211,Pós 1,150,False
147,0.07699629332520569,0.1082474353452853,0.860545181066664,-0.20244914911336576,Pós 1,150,False
148,0.15688197268088183,0.08955375267431731,0.47981996637986135,0.01274428568261432,Pós 1,150,False
1,0.10252235881813734,0.2504919124869259,0.4908546370754009,-0.23377475224595967,Pós 2,150,False
2,0.1064953419349863,0.12848822784474598,0.7179445388568673,-0.5177400012745963,Pós 2,150,False
3,0.16344461352109357,0.06567159223842298,0.18228229389220515,-1.1036546533338485,Pós 2,150,False
4,0.23973557807633933,0.08831491337072209,0.25413183981951065,-0.21370683378774324,Pós 2,150,False
5,0.08696894990696766,0.2512576014435428,-0.6368834697589648,-1.4007438220472799,Pós 2,150,False
6,0.35389405227811926,0.11268232745100919,1.1095822968487181,-0.7502680029870986,Pós 2,150,False
7,0.2511294688824444,0.07617789260164755,0.3244039547720487,-0.8468064166248355,Pós 2,150,False
8,0.16825852280988715,0.2062892762678606,0.8970057497125283,0.1958455064929283,Pós 2,150,False
9,0.14631143685996162,0.06451552755179481,1.0508684429062516,-1.5240119157571554,Pós 2,150,False
10,0.05338632815584553,0.14017150272321996,1.0827564146077076,-0.03903505347606062,Pós 2,150,False
11,0.15819188352928298,0.11581329335535465,-0.11603151732869214,0.296833361516877,Pós 2,150,False
12,0.3239447367919378,0.07461829825312259,0.6949949037308368,-0.8483963522187797,Pós 2,150,False
13,0.03505307135715877,0.1174071515790707,0.360228872234436,-0.7471638454159364,Pós 2,150,False
14,0.05245392560749128,0.11112455833346799,1.3206952733776551,0.023385696066183126,Pós 2,150,False
15,0.1457457584150757,0.1586641132557507,0.12396925408249357,0.2265411675339104,Pós 2,150,False
16,0.17408550360697128,0.15987718415645302,0.612726896153918,-0.3205932195762473,Pós 2,150,False
17,0.1464132485252706,0.05110368581588115,0.7316166040264982,-1.5205890510058304,Pós 2,150,False
18,0.12402108646176868,0.12375392038812441,1.0344392777604174,-0.32638692035884564,Pós 2,150,False
19,0.23212582177004365,0.10501251886819624,0.6627304840836896,-0.8856974646533806,Pós 2,150,False
20,0.1760416617844554,0.2544098440856136,0.6804870855911774,-0.9356425744498205,Pós 2,150,False
21,0.2646915308003853,0.07696135939168108,1.3211321674399468,-1.116064547014787,Pós 2,150,False
22,0.07104693846811233,0.1505456708697647,0.5662956051930912,-0.011329308040114672,Pós 2,150,False
23,0.21478241144693377,0.12608976076953968,1.861503303241758,-0.055152537872234175,Pós 2,150,False
24,0.05302074490399822,0.041374594128802664,0.7313740416429249,-0.38220872498772307,Pós 2,150,False
25,0.015716642680234476,0.17768716615539343,0.11415151393697519,0.13306692052223656,Pós 2,150,False
26,0.0581053829143888,0.1833485722675637,-0.3684460169097633,-0.012741832913419238,Pós 2,150,False
27,0.06850218178569786,0.06404584093149132,1.294761808041733,0.3355074357383936,Pós 2,150,False
28,0.11189650910880894,0.05670394080379887,0.39776766284531173,-1.5992110296144295,Pós 2,150,False
29,0.03578924372072897,0.07983414429387986,1.1788429424282016,-0.17462774187000862,Pós 2,150,False
30,0.031401337460872404,0.07728179321736911,-0.3626242570566697,-0.3790677929420987,Pós 2,150,False
31,0.1515963805643665,0.08145466742553444,0.9862042460418046,-0.3025507123217588,Pós 2,150,False
32,0.2325750163822253,0.16386746166760982,0.872274724442871,-0.15795663893309642,Pós 2,150,False
33,0.085446777723842,0.15312630575966157,0.321482692156944,-0.6646727436667001,Pós 2,150,False
34,0.17479070286618192,0.1654223947738624,0.847286585546615,0.1544731338400238,Pós 2,150,False
35,0.13225297302277245,0.13480253759321023,-0.5481939643678748,-0.5777491333698317,Pós 2,150,False
36,0.052903358937970255,0.15678419692905493,0.7016542479457304,-0.08132676702997577,Pós 2,150,False
37,0.13034129247697215,0.16206286800650987,0.9865298339907087,0.1252860039058541,Pós 2,150,False
38,0.09364031578052381,0.21151837662087353,0.1674475213827305,-1.475485142180111,Pós 2,150,False
42,0.067427634867062,0.25166790882831114,1.9352184377746617,-0.5374375641910012,Pós 2,150,False
43,0.062187770872146095,0.14204387418440723,0.8861240881605839,-1.2243385427293783,Pós 2,150,False
44,0.07453175860429065,0.19510909229492934,0.0076769735098455305,-0.5307975661732529,Pós 2,150,False
50,0.11836648847057302,0.16416623169833244,-0.005409567502230719,-0.3721882479424703,Pós 2,150,False
51,0.10244119314454808,0.11736828972257725,0.4715539614163131,-0.16891470094013616,Pós 2,150,False
52,0.11706137622359111,0.19004570549072605,-0.20891525554501184,0.055420954978909975,Pós 2,150,False
53,0.04637629649634764,0.1999350040807385,0.4794341893364369,-0.7254774999919134,Pós 2,150,False
54,0.07079452706134509,0.15932450223122596,0.08912949116332543,-0.4002406681134616,Pós 2,150,False
56,0.047315857703130695,0.12529208683277698,-0.006997074912931361,-0.5704502464743584,Pós 2,150,False
59,0.02763974421589834,0.1972511769326836,1.1632812958587033,-0.8034649359909598,Pós 2,150,False
60,0.07276149771356878,0.31327772178590274,1.9151418697074303,-0.6517006917935109,Pós 2,150,False
61,0.11378829734659507,0.21207316359996503,0.33489223205921664,-0.7179884193960637,Pós 2,150,False
66,0.13740608200788862,0.215107288903327,0.13214511827130596,-0.45805514533332947,Pós 2,150,False
67,0.22668498306366935,0.12947040580344116,0.26641746721396437,-1.0792180243348548,Pós 2,150,False
68,0.08449248979263677,0.07364802908801515,0.5515614117229202,-0.3000790670301532,Pós 2,150,False
70,0.11077558949402516,0.2509605418378065,-0.02770487447956535,-0.33622744268184945,Pós 2,150,False
72,0.09859690948683728,0.12468258008666697,0.054909513326349677,-0.2751150780713396,Pós 2,150,False
73,0.11050557210883138,0.12982057735345232,-0.683472077068972,-0.5736958337051514,Pós 2,150,False
74,0.10434401170145818,0.20754901395399006,0.39985418562184744,0.03159423564025765,Pós 2,150,False
75,0.2126352868198575,0.10497808268774611,0.5488002650205632,-0.8392790496441855,Pós 2,150,False
77,0.08815594886995565,0.19899267618900174,1.0527222751170362,-0.47107295786092696,Pós 2,150,False
80,0.14551694974399043,0.1619593606612979,0.735744034733872,-1.259499704628139,Pós 2,150,False
81,0.033211545078812355,0.15920593257964746,0.8694554232681846,-0.5237077081032702,Pós 2,150,False
82,0.21816699193556963,0.0642487312692466,0.5647240895241724,-0.3626828247147691,Pós 2,150,False
83,0.006323695582260951,0.21366222695219955,-0.3417382624600567,-0.413341216383178,Pós 2,150,False
84,0.40255997641188745,0.06140771320930505,1.9393346646037102,-0.1577468680754336,Pós 2,150,False
85,0.11827597065035672,0.11690372593817229,0.8061965343455406,-0.2957584632038923,Pós 2,150,False
86,0.1182158132049066,0.2029785180704634,0.5174042292431844,0.3045892651069113,Pós 2,150,False
87,0.3012748249642066,0.10022591823875784,1.2486695253891122,-0.6427026139306854,Pós 2,150,False
88,0.13317499676919944,0.13942641223825514,-0.11137890083912104,-1.490354364610234,Pós 2,150,False
89,0.21924605096362842,0.21191988624122146,-0.12322396207189334,0.5304841054961347,Pós 2,150,False
90,0.07531308616513634,0.25032289621090437,1.5012482578456783,-1.4011783586003705,Pós 2,150,False
91,0.11376105958636537,0.134834197876465,-0.21248988587190704,-0.148788735056411,Pós 2,150,False
92,0.17367823889997114,0.10988826872978087,-0.3662779926383959,-0.55846176963618,Pós 2,150,False
93,0.130937983532189,0.16806237711118516,0.026006437392064097,-0.02044147745397895,Pós 2,150,False
94,0.15541662288378716,0.09039378431640106,-0.14645961099211702,0.23195887469481113,Pós 2,150,False
95,0.153868492332077,0.14952811199711435,0.5869456647250743,-0.057268823825391335,Pós 2,150,False
96,0.0691319980324695,0.16696475983404757,1.5233269362852924,-2.3713218783933447,Pós 2,150,False
97,0.04162267918936698,0.133287356096061,0.39046449208500555,-1.770525393236376,Pós 2,150,False
98,0.10565350277998012,0.17957990432698318,-0.27801817419563685,0.1448697532547487,Pós 2,150,False
99,0.05363259505679273,0.14045019193190908,0.37472362203421594,-1.8690639963304227,Pós 2,150,False
100,0.10304693297518908,0.21847898159502507,-0.1795479854070667,-1.10854046823789,Pós 2,150,False
101,0.0036913349769116264,0.10782284272771285,0.7980811690385871,-1.4676158109614361,Pós 2,150,False
102,0.11569338489426666,0.24606614321639347,0.15605921119926314,-0.7010701678664897,Pós 2,150,False
103,0.0328663005442871,0.21876143686294067,0.6630466546077778,-0.5031884041542232,Pós 2,150,False
104,0.04562904288050364,0.2646984683390775,0.9254707417783042,-0.9923170496056377,Pós 2,150,False
105,0.05396927597930519,0.2112941571011142,0.8746011696979914,-1.3075106867159438,Pós 2,150,False
109,0.11475797612046001,0.15758832570163067,-0.18611256311099406,-0.15908941702550328,Pós 2,150,False
110,0.11310573473239202,0.10103803880876522,0.5864067612101914,-0.8963100032230862,Pós 2,150,False
112,0.004826325531856671,0.04418228145245703,0.282712485998282,-0.8977830593978489,Pós 2,150,False
113,0.22944574492089329,0.10932800085732,0.5754477013803325,-0.8717514235623436,Pós 2,150,False
114,0.1357024244279681,0.2146634745092918,1.0513061461870852,-0.6849451308057011,Pós 2,150,False
115,0.18931862782063907,0.21601424870107086,0.5711317699002975,-0.2636922414105931,Pós 2,150,False
116,0.1820027681810842,0.16777911453050648,0.8907965907930134,0.15991919613056438,Pós 2,150,False
117,0.1920196666901412,0.16733390763637757,0.6891407398559068,-0.06980305766908979,Pós 2,150,False
118,0.3466854224590513,0.09178366876743503,1.4162514015502334,-0.16285152695716798,Pós 2,150,False
119,0.16818064307599054,0.18192410558496652,0.7466231136975626,-1.2737259145702022,Pós 2,150,False
120,0.043626243744123716,0.14037066193177278,0.3248481838780525,-0.5482484994662964,Pós 2,150,False
121,0.19266449488310416,0.16506168623051143,0.5365607233523899,-0.4395011169612226,Pós 2,150,False
122,0.28365540942391504,0.13453945910291065,0.7140961023037405,-0.561645278912662,Pós 2,150,False
123,0.4663955960623567,0.15659781636214654,2.6150996561647295,-0.24767757114988875,Pós 2,150,False
124,0.060236045655816445,0.1495428755968069,-0.21228396529321591,-0.019710492493790532,Pós 2,150,False
125,0.3469913453316551,0.18155869752398057,1.7051540857775063,-0.4828142139572842,Pós 2,150,False
126,0.19121557472133327,0.27806131552225494,0.4945010172708536,0.20926471112486333,Pós 2,150,False
127,0.3712571948061295,0.16486466848593406,0.93140643344124,-0.3090633593794402,Pós 2,150,False
128,0.3604775403640518,0.08984600029169351,1.4721949656826414,-0.09252887887474814,Pós 2,150,False
129,0.26719553649552996,0.22495645904302294,1.3043026125742796,0.10758335169120037,Pós 2,150,False
130,0.08761967722486613,0.08996624321533084,0.34598727814217567,0.014324170521610835,Pós 2,150,False
131,0.22531925283113224,0.08474717919126212,0.752969203923546,-0.3254295015153248,Pós 2,150,False
132,0.07271614294499108,0.10944376619382229,-0.7931171589499462,-0.6826998454293318,Pós 2,150,False
133,0.1781344457674322,0.11949710649255124,1.2170683313660131,0.9556579884062162,Pós 2,150,False
134,0.05064539739877748,0.08191330619149548,0.4989246021207221,-0.40571828055090586,Pós 2,150,False
135,0.19694189924022704,0.18741577875911838,0.485789959016974,-0.1455381058776295,Pós 2,150,False
136,0.2124423054095529,0.1158928188613181,0.2596333755501546,0.050338534088211206,Pós 2,150,False
137,0.23476583836146386,0.14962914852875814,1.7220961076678731,0.0023324592261304566,Pós 2,150,False
138,0.11523629196238755,0.09405898678968937,1.015496874457415,-0.5311593578371676,Pós 2,150,False
139,0.17405155195140115,0.22234427859489442,1.1735594963312383,0.09979660228576259,Pós 2,150,False
140,0.2779091291899477,0.1709291238974997,1.0136808001331186,-0.25541415549487034,Pós 2,150,False
141,0.20930050024732408,0.1867828187462262,1.1802609433121671,-0.09388418228677331,Pós 2,150,False
142,0.2872133029589333,0.19247462157505565,0.7876249486834901,-0.8125003444489347,Pós 2,150,False
143,0.15783995977289597,0.07648036679271406,1.585571340714929,-0.919919326856186,Pós 2,150,False
144,0.13298955061259732,0.14692527643224979,0.34294999604801263,-0.3068645255334501,Pós 2,150,False
145,0.13335473588840888,0.11179213450811687,1.030668015612778,1.42445508080552,Pós 2,150,False
146,0.2287198175878146,0.1680973457642035,1.1060473157367405,0.04812563931869063,Pós 2,150,False
147,0.18913104914502996,0.15506664048053964,0.7675540838303452,-0.3628156385570971,Pós 2,150,False
148,0.1198622383873408,0.1546933936811824,0.6725104463483336,-0.3510005565701668,Pós 2,150,False
