condition,minimum_retention,retained_blocks,alpha_mean_pct,delta_vs_base_pp
Base,0.5,10,13.409271772936945,0.0
BB 1,0.5,5,11.02038560776708,-2.388886165169865
BB 2,0.5,7,10.936213489862537,-2.4730582830744083
BB 3,0.5,8,11.808410481637127,-1.6008612912998181
BB 4,0.5,8,8.632214308244247,-4.777057464692698
Pós 1,0.5,10,11.517607709650383,-1.8916640632865633
Pós 2,0.5,9,14.784052651353651,1.3747808784167064
Base,0.8,9,13.18702823412693,0.0
BB 1,0.8,1,8.580804304223365,-4.606223929903565
BB 2,0.8,1,11.907368989316417,-1.2796592448105133
BB 3,0.8,5,11.046823788930302,-2.140204445196628
BB 4,0.8,4,8.595405187303507,-4.591623046823422
Pós 1,0.8,9,11.807565578994554,-1.3794626551323754
Pós 2,0.8,7,15.079778914030648,1.8927506799037181
