condition,block,mean,count,candidate,retention
BB 1,0,0.1129286879643985,5,14,0.35714285714285715
BB 1,1,0.07847634518411624,7,15,0.4666666666666667
BB 1,2,0.09452113835423949,6,15,0.4
BB 1,3,0.07641863517765304,4,15,0.26666666666666666
BB 1,4,0.07920152747628198,5,15,0.3333333333333333
BB 1,5,0.11604464078430428,8,15,0.5333333333333333
BB 1,6,0.12640712018542072,8,15,0.5333333333333333
BB 1,7,0.08580804304223365,12,15,0.8
BB 1,8,0.1053687558186353,11,15,0.7333333333333333
BB 1,9,0.11739072055776005,8,14,0.5714285714285714
BB 2,0,0.11026656593128946,7,14,0.5
BB 2,1,0.17464505208838657,8,15,0.5333333333333333
BB 2,2,0.1301545402279061,3,15,0.2
BB 2,3,0.093340400573732,6,15,0.4
BB 2,4,0.09981789044058562,8,15,0.5333333333333333
BB 2,5,0.08541233325427898,9,15,0.6
BB 2,6,0.09959445867276061,7,15,0.4666666666666667
BB 2,7,0.11907368989316416,14,15,0.9333333333333333
BB 2,8,0.09614304056456666,9,15,0.6
BB 2,9,0.08017637211810608,9,14,0.6428571428571429
BB 3,0,0.17605824242953516,8,14,0.5714285714285714
BB 3,1,0.0776739527582507,13,15,0.8666666666666667
BB 3,2,0.1468382542435223,14,15,0.9333333333333333
BB 3,3,0.10839814565728771,14,15,0.9333333333333333
BB 3,4,0.12705979437970588,14,15,0.9333333333333333
BB 3,5,0.07273940464276395,7,15,0.4666666666666667
BB 3,6,0.1265112449010559,10,15,0.6666666666666666
BB 3,7,0.09237104240774852,14,15,0.9333333333333333
BB 3,8,0.08976216175386406,8,15,0.5333333333333333
BB 3,9,0.11927826369763198,4,14,0.2857142857142857
BB 4,0,0.09563792971288546,4,14,0.2857142857142857
BB 4,1,0.08143800578724575,9,15,0.6
BB 4,2,0.08722909624623101,15,15,1.0
BB 4,3,0.094313982367813,15,15,1.0
BB 4,4,0.07208656444975459,8,15,0.5333333333333333
BB 4,5,0.09862800755333197,13,15,0.8666666666666667
BB 4,6,0.10680430157484867,8,15,0.5333333333333333
BB 4,7,0.1170398038662961,7,15,0.4666666666666667
BB 4,8,0.06364512132476434,15,15,1.0
BB 4,9,0.08643206535555047,9,14,0.6428571428571429
Base,0,0.14986938967164617,14,14,1.0
Base,1,0.13204409516986018,15,15,1.0
Base,2,0.15409463622227082,10,15,0.6666666666666666
Base,3,0.1347371244286896,15,15,1.0
Base,4,0.11015879849729847,15,15,1.0
Base,5,0.1406777232420851,15,15,1.0
Base,6,0.1461324197897816,15,15,1.0
Base,7,0.12845429782211848,15,15,1.0
Base,8,0.12271825840586179,14,15,0.9333333333333333
Base,9,0.12204043404408248,14,14,1.0
Pós 1,0,0.0890798688555283,9,14,0.6428571428571429
Pós 1,1,0.10133536604428638,15,15,1.0
Pós 1,2,0.1307978239876517,15,15,1.0
Pós 1,3,0.11369997812330203,15,15,1.0
Pós 1,4,0.136805244779403,15,15,1.0
Pós 1,5,0.10597104941910875,15,15,1.0
Pós 1,6,0.12158971660249315,15,15,1.0
Pós 1,7,0.13288494954703697,15,15,1.0
Pós 1,8,0.11306229728557546,15,15,1.0
Pós 1,9,0.10653447632065231,14,14,1.0
Pós 2,0,0.16012787632354666,14,14,1.0
Pós 2,1,0.12613231109285827,15,15,1.0
Pós 2,2,0.10742460996326879,12,15,0.8
Pós 2,3,0.07571364047363342,7,15,0.4666666666666667
Pós 2,4,0.11770615919061228,9,15,0.6
Pós 2,5,0.16639650424955263,12,15,0.8
Pós 2,6,0.09159621698195289,15,15,1.0
Pós 2,7,0.15727405544907105,11,15,0.7333333333333333
Pós 2,8,0.21320999317701433,15,15,1.0
Pós 2,9,0.1906970121939518,14,14,1.0
