feature,importance
Alpha_P4/O2,0.1554522843972476
Gamma_P4/O2,0.13445258979687888
MeanAbsImagAlpha_normalized,0.08686024268140301
Beta_P4/O2,0.08173710325928883
Delta_P4/O2,0.07835458396061988
TBR_F3,0.051024136409410496
TBR_F4,0.05096570133116765
Gamma_F3,0.04628153379011735
Alpha_F4,0.03575382680682759
Beta_F3,0.033983038833500824
Beta_F4,0.030564792163255524
Gamma_F4,0.028787095627404273
Alpha_P3/O1,0.02372902894263005
Alpha_F3,0.021438395671104605
Theta_F4,0.019270757712265118
Delta_P3/O1,0.01612886466552715
Delta_F3,0.015471638302867123
Delta_F4,0.015081646590625093
FAA_rel,0.014600616731523868
Gamma_P3/O1,0.014366881807899459
Theta_F3,0.013990981718705785
Theta_P3/O1,0.011930867593787224
Beta_P3/O1,0.011711137334954148
Theta_P4/O2,0.008062253870988415
