condicao,notch_alias,limiar_uv,epocas_total,epocas_validas,rejeicao_pct,posteriores_fora_limiar,faa,faa_ci_low,faa_ci_high,faa_std,wpli,p_signflip,beta_ch4_pct,p_holm_7,cohens_d
Base,True,150.0,150,144,4.0000000000000036,3,-0.2695783275616823,-0.3464210570245419,-0.19394029456549852,0.47951725881236185,0.28622861094838464,0.02097902097902098,5.9741752564579444,0.1258741258741259,0.0
Base,True,500.0,150,147,2.0000000000000018,2,-0.27749856026936043,-0.3526940078787195,-0.2008602038353939,0.48136883974056505,0.3397478003805179,0.005994005994005994,5.994359770762402,0.023976023976023976,0.0
Base,False,150.0,150,144,4.0000000000000036,3,-0.2682513633463571,-0.34472138135129465,-0.19192755164274325,0.4773579272163617,0.28652547409002743,0.02097902097902098,6.846162847598104,0.1258741258741259,0.0
Base,False,500.0,150,147,2.0000000000000018,2,-0.27616115399647717,-0.35077439196869725,-0.19952477631718427,0.4792343536951454,0.3407970174266245,0.005994005994005994,6.8644200502722645,0.023976023976023976,0.0
BB 1,True,150.0,150,76,49.33333333333333,0,-0.3872879291913015,-0.5231005077809519,-0.24348974982661975,0.6341347617670021,0.25963005591127947,0.1878121878121878,23.75565195266263,0.7512487512487512,-0.21889224812298677
BB 2,True,150.0,150,80,46.666666666666664,30,-0.5428141495590691,-0.6655165920250089,-0.41610152321690885,0.5800127088842607,0.3896506741194223,0.012987012987012988,6.324500623365686,0.09090909090909091,-0.5279708812787637
BB 3,True,150.0,150,106,29.333333333333332,94,-0.43713428450283726,-0.5416568870880321,-0.332267946757408,0.5603966023618163,0.30829538223324876,0.026973026973026972,5.553943544915807,0.13486513486513485,-0.325154143672743
BB 4,True,150.0,150,102,31.999999999999996,76,-0.5298176145666882,-0.6235957933604627,-0.42757467461935533,0.517876947187533,0.106568820013728,0.5524475524475524,5.704371815280547,1.0,-0.5249344188225974
BB 1,True,500.0,150,147,2.0000000000000018,1,-0.3530180965788935,-0.4664392888802952,-0.23961072540869197,0.6737277620020219,0.5361300344656212,0.000999000999000999,13.97138665734261,0.006993006993006993,-0.12898255393695723
BB 2,True,500.0,150,131,12.666666666666671,50,-0.39506021907754735,-0.5027090488207597,-0.27599081429484684,0.6579628893159832,0.6966206854710516,0.000999000999000999,6.518880911159899,0.006993006993006993,-0.20574768294491483
BB 3,True,500.0,150,134,10.666666666666668,110,-0.39523769916534746,-0.4977312630311471,-0.296796746640098,0.580152141646344,0.5355131505962767,0.000999000999000999,5.430407654297327,0.006993006993006993,-0.2218323753347342
BB 4,True,500.0,150,141,6.000000000000005,111,-0.35518534329096174,-0.46108345852064064,-0.2448155706764058,0.6488761204001302,0.400960945664205,0.025974025974025976,5.783040352110777,0.05194805194805195,-0.13639924166081904
BB 1,False,150.0,150,74,50.66666666666666,0,-0.4049362646815217,-0.5436808015343367,-0.25588959239339226,0.627590952901753,0.2513093557233542,0.2097902097902098,25.59167613078477,0.8391608391608392,-0.25649712012383646
BB 2,False,150.0,150,79,47.333333333333336,29,-0.5283659054590052,-0.6501454943581886,-0.3968484180361474,0.5797590072268711,0.37586498929470463,0.015984015984015984,39.20035237859392,0.11188811188811189,-0.5042680116649391
BB 3,False,150.0,150,107,28.666666666666664,96,-0.414870851346254,-0.5170286490857007,-0.30990635059040816,0.545711440985617,0.3047630852145947,0.030969030969030968,25.959344968176126,0.15484515484515485,-0.28885834902541735
BB 4,False,150.0,150,100,33.333333333333336,73,-0.5154228209252122,-0.6190357476413888,-0.41841247973543594,0.514865202195739,0.011384774063952592,0.942057942057942,18.4457018455938,1.0,-0.5013143920996979
BB 1,False,500.0,150,147,2.0000000000000018,1,-0.35076949219467246,-0.4646269503027265,-0.23772283139967118,0.6722210999196648,0.5376160100563242,0.000999000999000999,15.205921152294197,0.006993006993006993,-0.12780696788747536
BB 2,False,500.0,150,131,12.666666666666671,52,-0.38836743273166346,-0.49560307106509427,-0.2702878972350802,0.6550941851076282,0.6976165414135306,0.000999000999000999,33.598710870198694,0.006993006993006993,-0.19724055528485723
BB 3,False,500.0,150,134,10.666666666666668,113,-0.3652367170469504,-0.46122541900082686,-0.27131998971208715,0.5594949436208765,0.5332095645842252,0.000999000999000999,25.510897018810713,0.006993006993006993,-0.17161431129850221
BB 4,False,500.0,150,140,6.666666666666665,111,-0.3467574240917827,-0.45212150402975815,-0.23949092614693349,0.646357326469643,0.41134789783411985,0.011988011988011988,18.63094767303371,0.03596403596403597,-0.1245234172337837
Pós 1,True,150.0,150,145,3.3333333333333326,145,-0.49222514079267266,-0.5896940203944118,-0.39479658672535367,0.5865528204559111,0.13902540139256536,0.3256743256743257,7.4030113239020965,0.977022977022977,-0.4154630031595358
Pós 1,True,500.0,150,146,2.6666666666666616,146,-0.4908862109891844,-0.5840297506696502,-0.39969743436292454,0.5847505720456234,0.13655843644477123,0.33666333666333664,7.432133534873156,0.33666333666333664,-0.39856990809256965
Pós 1,False,150.0,150,144,4.0000000000000036,144,-0.5033589498705928,-0.5911387083709483,-0.4061865785948978,0.5674943682393799,0.1602498688544088,0.25274725274725274,40.76501098415178,0.8391608391608392,-0.44836500305805926
Pós 1,False,500.0,150,146,2.6666666666666616,146,-0.4899813963458297,-0.5829692602577804,-0.39978506158448157,0.5808032666938981,0.13627473468535992,0.33966033966033965,41.016985843316625,0.33966033966033965,-0.40171199081334136
Pós 2,True,150.0,150,125,16.666666666666664,34,-0.46727571160759007,-0.5698268984056793,-0.37414097692187853,0.5628030464276403,0.03280468807825159,0.7992007992007992,7.834100867707139,1.0,-0.3802904691825096
Pós 2,True,500.0,150,145,3.3333333333333326,42,-0.4192594593401235,-0.5138920181203681,-0.32874482315055187,0.577008087275628,0.41810459932383165,0.012987012987012988,7.516184063947958,0.03896103896103896,-0.2669615813210049
Pós 2,False,150.0,150,125,16.666666666666664,33,-0.4615605437655096,-0.5653266347445665,-0.36714791196950136,0.5600238876794599,0.032185254598527537,0.7992007992007992,43.34439540195432,1.0,-0.3736202304275393
Pós 2,False,500.0,150,145,3.3333333333333326,43,-0.4141716820948772,-0.5068709528802808,-0.32429238539303634,0.5738800615027294,0.41796732712160783,0.012987012987012988,44.287732518195746,0.03596403596403597,-0.261208308652792
